aborted,applicant,cancelled,cancelledAt,didPass,executed,memberAddress,newMember,paymentRequested,paymentTokenDecimals,paymentTokenSymbol,processed,processor,processedAt,proposer,sponsored,sponsor,sponsoredAt,votingPeriodStarts,votingPeriodEnds,yesShares,yesVotes,molochAddress,minionAddress,status,title,description,link,proposalType
FALSE,0x58f123bd4261ea25955b362be57d89f4b6e7110a,FALSE,,TRUE,FALSE,0x0000000000000000000000000000000000000000,TRUE,0,,,TRUE,0xa5d21fb2fc5b12bdbb816a9b292de6334ad30fdf,1621997132,0x58f123bd4261ea25955b362be57d89f4b6e7110a,TRUE,0x66b1de0f14a0ce971f7f248415063d44caf19398,1619499693,1619505649,1620110449,23,2,0xee629a192374caf2a72cf1695c485c5c89611ef2,,Passed,Aaron Soskin,I'm aaron.  I've been working in the metacartel ecosystem and have recently been working on chilicoin as a form of sweat equity.  ,https://twitter.com/AaronSoskin,Member Proposal
FALSE,0x9cc8b5311b2f4c4b2167cc26e55ac7d29738f7f8,FALSE,,TRUE,FALSE,0x68d36dcbdd7bbf206e27134f28103abe7cf972df,FALSE,4.49701E+20,18,WETH,TRUE,0x68d36dcbdd7bbf206e27134f28103abe7cf972df,1620310701,0x68d36dcbdd7bbf206e27134f28103abe7cf972df,TRUE,0x68d36dcbdd7bbf206e27134f28103abe7cf972df,1619224021,1619224849,1619829649,10,1,0xee629a192374caf2a72cf1695c485c5c89611ef2,,Passed,WETH Migration,migrate,,Funding Proposal
FALSE,0x9cc8b5311b2f4c4b2167cc26e55ac7d29738f7f8,FALSE,,TRUE,FALSE,0x68d36dcbdd7bbf206e27134f28103abe7cf972df,FALSE,3.6547E+21,18,DAI,TRUE,0x68d36dcbdd7bbf206e27134f28103abe7cf972df,1619223257,0x68d36dcbdd7bbf206e27134f28103abe7cf972df,TRUE,0x68d36dcbdd7bbf206e27134f28103abe7cf972df,1617931594,1617943249,1618548049,10,1,0xee629a192374caf2a72cf1695c485c5c89611ef2,,Passed,Dai Migration,migrate to xdai,,Funding Proposal
FALSE,0x9cc8b5311b2f4c4b2167cc26e55ac7d29738f7f8,FALSE,,FALSE,FALSE,0x68d36dcbdd7bbf206e27134f28103abe7cf972df,FALSE,453190153733635700000,18,WETH,TRUE,0x68d36dcbdd7bbf206e27134f28103abe7cf972df,1619222169,0x68d36dcbdd7bbf206e27134f28103abe7cf972df,TRUE,0x68d36dcbdd7bbf206e27134f28103abe7cf972df,1617931466,1617936049,1618540849,10,1,0xee629a192374caf2a72cf1695c485c5c89611ef2,,Failed,Weth Migration,migrate to xdai,,Funding Proposal
FALSE,0x66b1de0f14a0ce971f7f248415063d44caf19398,TRUE,1617837498,FALSE,FALSE,0x68d36dcbdd7bbf206e27134f28103abe7cf972df,FALSE,3.6547E+21,18,DAI,FALSE,0x0000000000000000000000000000000000000000,,0x68d36dcbdd7bbf206e27134f28103abe7cf972df,FALSE,0x0000000000000000000000000000000000000000,,0,0,0,0,0xee629a192374caf2a72cf1695c485c5c89611ef2,,Cancelled,Dai Migration,migrate to xdai,,Funding Proposal
FALSE,0x66b1de0f14a0ce971f7f248415063d44caf19398,TRUE,1617837498,FALSE,FALSE,0x68d36dcbdd7bbf206e27134f28103abe7cf972df,FALSE,453190153733635700000,18,WETH,FALSE,0x0000000000000000000000000000000000000000,,0x68d36dcbdd7bbf206e27134f28103abe7cf972df,FALSE,0x0000000000000000000000000000000000000000,,0,0,0,0,0xee629a192374caf2a72cf1695c485c5c89611ef2,,Cancelled,WETH migration,migrate to xdai,,Funding Proposal
FALSE,0xc7f459c7edcf9333d223bd1c346f46819403ca06,FALSE,,TRUE,FALSE,0xc7f459c7edcf9333d223bd1c346f46819403ca06,FALSE,4E+21,18,DAI,TRUE,0x68d36dcbdd7bbf206e27134f28103abe7cf972df,1619222131,0xc7f459c7edcf9333d223bd1c346f46819403ca06,TRUE,0x66b1de0f14a0ce971f7f248415063d44caf19398,1617138191,1617144049,1617748849,13,1,0xee629a192374caf2a72cf1695c485c5c89611ef2,,Passed,Money Mage aka Grant Herding ,"Owner of grants logistics, projects and grant distribution ",hackmd.io/@codecorgi/rJdn8KLVu,Funding Proposal
FALSE,0xa64fc17b157aaa50ac9a8341bab72d4647d0f1a7,FALSE,,TRUE,FALSE,0x0000000000000000000000000000000000000000,TRUE,9.5E+21,18,DAI,TRUE,0xa64fc17b157aaa50ac9a8341bab72d4647d0f1a7,1619129353,0xa64fc17b157aaa50ac9a8341bab72d4647d0f1a7,TRUE,0x66b1de0f14a0ce971f7f248415063d44caf19398,1616894613,1616899249,1617504049,23,2,0xee629a192374caf2a72cf1695c485c5c89611ef2,,Passed,meTokens,"MeTokens - The DeFi Fair Launch for Personal Tokens DApp. Alpha originally deployed at StakeOnMe.com""",forum.metacartel.org/t/proposal-metokens-the-defi-fair-launch-of-personal-tokens/956,Member Proposal
FALSE,0xcf88fa6ee6d111b04be9b06ef6fad6bd6691b88c,FALSE,,TRUE,FALSE,0x0000000000000000000000000000000000000000,TRUE,0,,,TRUE,0x68d36dcbdd7bbf206e27134f28103abe7cf972df,1617838212,0xcf88fa6ee6d111b04be9b06ef6fad6bd6691b88c,TRUE,0x5bb3e1774923b75ecb804e2559149bbd2a39a414,1615574220,1615574449,1616179249,33,3,0xee629a192374caf2a72cf1695c485c5c89611ef2,,Passed,Jordan Lyall Member Proposal ,üççüå∂üççüå∂üççüå∂,forum.metacartel.org/t/the-big-introduce-yourself-thread/12/131?u=jordanlyall,Member Proposal
FALSE,0x15c6ac4cf1b5e49c44332fb0a1043ccab19db80a,FALSE,,TRUE,FALSE,0x0000000000000000000000000000000000000000,TRUE,0,,,TRUE,0x7136fbddd4dffa2369a9283b6e90a040318011ca,1617673482,0x15c6ac4cf1b5e49c44332fb0a1043ccab19db80a,TRUE,0x66b1de0f14a0ce971f7f248415063d44caf19398,1615306402,1615308049,1615912849,13,1,0xee629a192374caf2a72cf1695c485c5c89611ef2,,Passed,Spencer membership prop,"Hello my name is Spencer, I'm an ethoholic, and I enjoy meta-cartography",covid.cdc.gov/covid-data-tracker/#vaccinations,Member Proposal
FALSE,0x9cc8b5311b2f4c4b2167cc26e55ac7d29738f7f8,FALSE,,TRUE,FALSE,0x66b1de0f14a0ce971f7f248415063d44caf19398,FALSE,1.2E+19,18,WETH,TRUE,0x9492510bbcb93b6992d8b7bb67888558e12dcac4,1616772625,0x66b1de0f14a0ce971f7f248415063d44caf19398,TRUE,0x66b1de0f14a0ce971f7f248415063d44caf19398,1614817198,1614818449,1615423249,23,2,0xee629a192374caf2a72cf1695c485c5c89611ef2,,Passed,Paladin Budget (Second Quarter) ,"Paladin Operational support budget, destined for the Paladin Multi-sig. ",https//forum.metacartel.org/t/metacartels-paladin-role-strategy-ops/650/9,Funding Proposal
FALSE,0x187089b33e5812310ed32a57f53b3fad0383a19d,FALSE,,TRUE,FALSE,0x187089b33e5812310ed32a57f53b3fad0383a19d,FALSE,3E+20,18,DAI,TRUE,0x9492510bbcb93b6992d8b7bb67888558e12dcac4,1616733265,0x187089b33e5812310ed32a57f53b3fad0383a19d,TRUE,0x66b1de0f14a0ce971f7f248415063d44caf19398,1614720794,1614724849,1615329649,23,2,0xee629a192374caf2a72cf1695c485c5c89611ef2,,Passed,astrological services Q12021,"-requesting 1 share + 300 DAI for Q1 astrological services (+$50 for gas) 
-subscriber count increased 12.41% over two months (427 on 22DEC -> 480 on 24FEB) 
",dapp.substack.com/,Funding Proposal
FALSE,0x7e225a2a269f7af1c884b20f2ba30e8c6573edff,FALSE,,TRUE,FALSE,0x7e225a2a269f7af1c884b20f2ba30e8c6573edff,FALSE,5E+21,18,DAI,TRUE,0x9492510bbcb93b6992d8b7bb67888558e12dcac4,1616772239,0x7e225a2a269f7af1c884b20f2ba30e8c6573edff,TRUE,0x66b1de0f14a0ce971f7f248415063d44caf19398,1614808570,1614811249,1615416049,23,2,0xee629a192374caf2a72cf1695c485c5c89611ef2,,Passed,Nifty Chess grant funding proposal,"Nifty Chess won Eth Denver 2021, is growing, and is requesting funds to build and grow an amazing chess dapp.",forum.metacartel.org/t/dao-funding-proposal-nifty-chess/919,Funding Proposal
FALSE,0x66b1de0f14a0ce971f7f248415063d44caf19398,FALSE,,TRUE,FALSE,0x66b1de0f14a0ce971f7f248415063d44caf19398,FALSE,5E+21,18,DAI,TRUE,0x66b1de0f14a0ce971f7f248415063d44caf19398,1614743320,0x66b1de0f14a0ce971f7f248415063d44caf19398,TRUE,0x66b1de0f14a0ce971f7f248415063d44caf19398,1613695342,1613702449,1614307249,20,2,0xee629a192374caf2a72cf1695c485c5c89611ef2,,Passed,Funding Proposal: Seeding nfDAO,"MetaCartel will join nfDAO and seed the future builders of a vibrant NFT ecosystem!

Yalor will be the DAO representative.  ",https://forum.metacartel.org/t/proposal-metacartel-joins-nfdao/904,Funding Proposal
FALSE,0x187089b33e5812310ed32a57f53b3fad0383a19d,FALSE,,TRUE,FALSE,0x0000000000000000000000000000000000000000,TRUE,0,,,TRUE,0x66b1de0f14a0ce971f7f248415063d44caf19398,1610436280,0x187089b33e5812310ed32a57f53b3fad0383a19d,TRUE,0x66b1de0f14a0ce971f7f248415063d44caf19398,1609307481,1609310449,1609915249,23,2,0xee629a192374caf2a72cf1695c485c5c89611ef2,,Passed,tae,astrological services üîÆ,,Member Proposal
FALSE,0x1df428833f2c9fb1ef098754e5d710432450d706,FALSE,,TRUE,FALSE,0x0000000000000000000000000000000000000000,TRUE,0,,,TRUE,0x66b1de0f14a0ce971f7f248415063d44caf19398,1610436088,0x1df428833f2c9fb1ef098754e5d710432450d706,TRUE,0x66b1de0f14a0ce971f7f248415063d44caf19398,1609282659,1609288849,1609893649,23,2,0xee629a192374caf2a72cf1695c485c5c89611ef2,,Passed,0xJoshua membership,"Howdy, I'm Joshua- stoked to join the Cartel and work on BD stuff with you. ",https://www.linkedin.com/in/JoshuaLapidus,Member Proposal
FALSE,0x0fa21edecefd2c8d559430bcedcc4c0672afbbab,FALSE,,TRUE,FALSE,0x0000000000000000000000000000000000000000,TRUE,5E+21,18,DAI,TRUE,0x66b1de0f14a0ce971f7f248415063d44caf19398,1610435746,0x0471cd5a41a6a3afdc70ed2c4bdf29bf871a448e,TRUE,0x66b1de0f14a0ce971f7f248415063d44caf19398,1609268195,1609274449,1609879249,13,1,0xee629a192374caf2a72cf1695c485c5c89611ef2,,Passed,Mindful - Post ETHOnline Grant,"We're some cool dudes building a cool thing.

Mindful aims to calm your inner degenerate and lets you adopt strategies to mindfully DCA into assets, create auto rebalancing portfolios (Chakras), and take profits automatically. 

Full proposal:
https://forum.metacartel.org/t/dao-proposal-mindful/849",https://mindful.cash/,Member Proposal
FALSE,0xbfc7cae0fad9b346270ae8fde24827d2d779ef07,FALSE,,TRUE,FALSE,0x0000000000000000000000000000000000000000,TRUE,0,,,TRUE,0x66b1de0f14a0ce971f7f248415063d44caf19398,1609269685,0xbfc7cae0fad9b346270ae8fde24827d2d779ef07,TRUE,0x66b1de0f14a0ce971f7f248415063d44caf19398,1607639986,1607640049,1608244849,43,4,0xee629a192374caf2a72cf1695c485c5c89611ef2,,Passed,New Member: Topocount,ETH2 ValidatorBoi comin' at ya,,Member Proposal
FALSE,0x9cc8b5311b2f4c4b2167cc26e55ac7d29738f7f8,FALSE,,TRUE,FALSE,0x66b1de0f14a0ce971f7f248415063d44caf19398,FALSE,2.5E+19,18,WETH,TRUE,0x66b1de0f14a0ce971f7f248415063d44caf19398,1609269523,0x66b1de0f14a0ce971f7f248415063d44caf19398,TRUE,0x66b1de0f14a0ce971f7f248415063d44caf19398,1607445079,1607445649,1608050449,43,4,0xee629a192374caf2a72cf1695c485c5c89611ef2,,Passed,The Paladin Custodial Exchange Service,We the paladins request a budget to be sent to the paladin multi-sig listed below. We will swap these funds for DAI and deposit directly back into the DAO. We do this for a good of the Cartel and the grantees we support ! ,https://forum.metacartel.org/t/paladin-token-treasury/852,Funding Proposal
FALSE,0xb30db235c948987487f9b2e67d65530c71fcdfdd,FALSE,,TRUE,FALSE,0x0000000000000000000000000000000000000000,FALSE,2E+20,18,DAI,TRUE,0x66b1de0f14a0ce971f7f248415063d44caf19398,1609268447,0xb30db235c948987487f9b2e67d65530c71fcdfdd,TRUE,0x66b1de0f14a0ce971f7f248415063d44caf19398,1607410855,1607416849,1608021649,13,1,0xee629a192374caf2a72cf1695c485c5c89611ef2,,Passed,Strictly Ballein - Weekly DJ Live Stream,"Strictly Ballein is designed to create a venue (virtual) for DJs to live stream on a weekly basis as we hope to provide some alterative income during the pandemic and the closure of clubs and venues to those DJs who are struggling.

This proposal is for 4 weeks of funding.",https://forum.metacartel.org/t/proposal-strictly-ballein-virtual-dj-live-stream-event/851,Funding Proposal
FALSE,0x66b1de0f14a0ce971f7f248415063d44caf19398,FALSE,,TRUE,FALSE,0x66b1de0f14a0ce971f7f248415063d44caf19398,FALSE,3E+18,18,WETH,TRUE,0x66b1de0f14a0ce971f7f248415063d44caf19398,1607924057,0x66b1de0f14a0ce971f7f248415063d44caf19398,TRUE,0x66b1de0f14a0ce971f7f248415063d44caf19398,1606662892,1606668049,1607272849,21,3,0xee629a192374caf2a72cf1695c485c5c89611ef2,,Passed,BetterXchange ,"Yalor: Made a direct deposit of 1365 DAI for 3 wETH at the price of 455 DAI/wETH

",https://forum.metacartel.org/t/paladin-token-treasury/852/2,Trade Proposal
FALSE,0x9cc8b5311b2f4c4b2167cc26e55ac7d29738f7f8,FALSE,,TRUE,FALSE,0x66b1de0f14a0ce971f7f248415063d44caf19398,FALSE,1.2E+19,18,WETH,TRUE,0x66b1de0f14a0ce971f7f248415063d44caf19398,1607924012,0x66b1de0f14a0ce971f7f248415063d44caf19398,TRUE,0x66b1de0f14a0ce971f7f248415063d44caf19398,1606522669,1606531249,1607136049,43,4,0xee629a192374caf2a72cf1695c485c5c89611ef2,,Passed,Paladin Budget (Finally) ,Proposal for 4 months of back dated budget for paladins operational costs. We serve at your pleasure ·ïô(‚áÄ‚Ä∏‚Üº‚Ä∂)·ïó,https://forum.metacartel.org/t/metacartels-paladin-role-strategy-ops/650/9,Funding Proposal
FALSE,0xd26a3f686d43f2a62ba9eae2ff77e9f516d945b9,FALSE,,TRUE,FALSE,0xd26a3f686d43f2a62ba9eae2ff77e9f516d945b9,FALSE,3E+18,18,WETH,TRUE,0x66b1de0f14a0ce971f7f248415063d44caf19398,1607923766,0xd26a3f686d43f2a62ba9eae2ff77e9f516d945b9,TRUE,0xd3e9d60e4e4de615124d5239219f32946d10151d,1606512254,1606524049,1607128849,10,1,0xee629a192374caf2a72cf1695c485c5c89611ef2,,Passed,BetterXchange,VG: Made a direct deposit of 1365 DAI for 3 wETH at the price of 455 DAI/wETH,https://etherscan.io/tx/0x42c0f478e7ec03ebe4d231811b87d9fe1d957ef29b143d7b1b60c66f9c330dcf,Funding Proposal
FALSE,0xd3e9d60e4e4de615124d5239219f32946d10151d,FALSE,,TRUE,FALSE,0xd3e9d60e4e4de615124d5239219f32946d10151d,FALSE,1E+18,18,WETH,TRUE,0x66b1de0f14a0ce971f7f248415063d44caf19398,1607923681,0xd3e9d60e4e4de615124d5239219f32946d10151d,TRUE,0xd26a3f686d43f2a62ba9eae2ff77e9f516d945b9,1606510531,1606516849,1607121649,11,2,0xee629a192374caf2a72cf1695c485c5c89611ef2,,Passed,445 DAI to MC2 versus 1 WETH ‚Äî Alex Masmej,As proposed on Discord by Sky,https://etherscan.io/tx/0x5f3d39a5db92489b730e4527bed3b1b8d6ec089f78a10de412f8136761e62adb,Funding Proposal
FALSE,0xe04885c3f1419c6e8495c33bdcf5f8387cd88846,FALSE,,TRUE,FALSE,0xe04885c3f1419c6e8495c33bdcf5f8387cd88846,FALSE,3E+18,18,WETH,TRUE,0x66b1de0f14a0ce971f7f248415063d44caf19398,1607923564,0xe04885c3f1419c6e8495c33bdcf5f8387cd88846,TRUE,0xbaf6e57a3940898fd21076b139d4ab231dcbbc5f,1606503077,1606509649,1607114449,10,1,0xee629a192374caf2a72cf1695c485c5c89611ef2,,Passed,BetterXchange,Made a direct deposit of 1365DAI for 3weth at the price of 455DAI,https://etherscan.io/tx/0xd993026913da9b7da34a2a59cbd77f45325a1601572e01ecfa44b6cfeadb1493,Funding Proposal
FALSE,0xbaf6e57a3940898fd21076b139d4ab231dcbbc5f,FALSE,,TRUE,FALSE,0xbaf6e57a3940898fd21076b139d4ab231dcbbc5f,FALSE,3E+18,18,WETH,TRUE,0xe04885c3f1419c6e8495c33bdcf5f8387cd88846,1607631775,0xbaf6e57a3940898fd21076b139d4ab231dcbbc5f,TRUE,0xe04885c3f1419c6e8495c33bdcf5f8387cd88846,1606501515,1606502449,1607107249,10,1,0xee629a192374caf2a72cf1695c485c5c89611ef2,,Passed,BetterXchange,Made a direct deposit of 1365DAI for 3weth at the price of 455DAI,https://etherscan.io/tx/0x6e82cedfa733d3171f8e701dbaf7ad2fc1efe0b79499412ec42e86eea4fe2d4d,Funding Proposal
FALSE,0x10d6d2e343281d388291a3e02f3293aaeda67178,FALSE,,TRUE,FALSE,0x0000000000000000000000000000000000000000,TRUE,8.5E+18,18,WETH,TRUE,0x66b1de0f14a0ce971f7f248415063d44caf19398,1607410978,0x10d6d2e343281d388291a3e02f3293aaeda67178,TRUE,0x66b1de0f14a0ce971f7f248415063d44caf19398,1606326828,1606329649,1606934449,13,1,0xee629a192374caf2a72cf1695c485c5c89611ef2,,Passed,Llama grant proposal (post ETHOnline support),"Llama is a tool to help crypto communities manage their treasuries - track inflows/outflows, categorize expenses, and access a real-time treasury dashboard.",https://forum.metacartel.org/t/dao-proposal-llama/841,Member Proposal
FALSE,0x74d8967e812de34702ecd3d453a44bf37440b10b,FALSE,,FALSE,FALSE,0x0000000000000000000000000000000000000000,FALSE,3.662E+18,18,WETH,TRUE,0x9492510bbcb93b6992d8b7bb67888558e12dcac4,1616559336,0x74d8967e812de34702ecd3d453a44bf37440b10b,TRUE,0x66b1de0f14a0ce971f7f248415063d44caf19398,1614375734,1614379249,1614984049,0,0,0xee629a192374caf2a72cf1695c485c5c89611ef2,,Failed,Vocdoni Bridge - Milestone 1,"This is the first Milestone (1/3) to fund Vocdoni Bridge, a trustless, scalable & universally verifiable token-based governance protocol for ERC20 tokens, extensible to ERC721 and POAPs. It makes use of EVM storage proofs to enable onchain creation of voting censuses.",https://forum.metacartel.org/t/proposal-vocdoni-bridge-trustless-scalable-universally-verifiable-token-based-governance-protocol/822,Funding Proposal
FALSE,0x74d8967e812de34702ecd3d453a44bf37440b10b,FALSE,,FALSE,FALSE,0x0000000000000000000000000000000000000000,FALSE,4.7E+18,18,WETH,TRUE,0x66b1de0f14a0ce971f7f248415063d44caf19398,1606663289,0x74d8967e812de34702ecd3d453a44bf37440b10b,TRUE,0x66b1de0f14a0ce971f7f248415063d44caf19398,1605308873,1605314449,1605919249,80,4,0xee629a192374caf2a72cf1695c485c5c89611ef2,,Failed,Vocdoni Bridge - Milestone 1,"This is the first Milestone (1/3) to fund Vocdoni Bridge, a trustless, scalable & universally verifiable token-based governance protocol for ERC20 tokens, extensible to ERC721 and POAPs. It makes use of EVM storage proofs to enable onchain creation of voting censuses.

",https://forum.metacartel.org/t/proposal-vocdoni-bridge-trustless-scalable-universally-verifiable-token-based-governance-protocol/822,Funding Proposal
FALSE,0xa5b01658e0738aac3588ac5414cd1c955d92ed55,FALSE,,TRUE,FALSE,0x865c2f85c9fea1c6ac7f53de07554d68cb92ed88,TRUE,1E+19,18,WETH,TRUE,0x66b1de0f14a0ce971f7f248415063d44caf19398,1606523624,0x865c2f85c9fea1c6ac7f53de07554d68cb92ed88,TRUE,0xcb42ac441fcade3935243ea118701f39aa004486,1605120776,1605127249,1605732049,26,2,0xee629a192374caf2a72cf1695c485c5c89611ef2,,Passed,Grant: Overlay,https://forum.metacartel.org/t/post-hackathon-support-thread/834/2?u=pet3rpan,https://forum.metacartel.org/t/post-hackathon-support-thread/834/2?u=pet3rpan,Member Proposal
FALSE,0x74d8967e812de34702ecd3d453a44bf37440b10b,FALSE,,FALSE,FALSE,0x0000000000000000000000000000000000000000,FALSE,2.2E+21,18,DAI,TRUE,0xe04885c3f1419c6e8495c33bdcf5f8387cd88846,1606583663,0x74d8967e812de34702ecd3d453a44bf37440b10b,TRUE,0x66b1de0f14a0ce971f7f248415063d44caf19398,1605307041,1605307249,1605912049,0,0,0xee629a192374caf2a72cf1695c485c5c89611ef2,,Failed,Vocdoni Bridge - Milestone 1,"This is the first Milestone (1/3) to fund Vocdoni Bridge, a trustless, scalable & universally verifiable token-based governance protocol for ERC20 tokens, extensible to ERC721 and POAPs. It makes use of EVM storage proofs to enable onchain creation of voting censuses.",https://forum.metacartel.org/t/proposal-vocdoni-bridge-trustless-scalable-universally-verifiable-token-based-governance-protocol/822,Funding Proposal
FALSE,0x9cc8b5311b2f4c4b2167cc26e55ac7d29738f7f8,FALSE,,FALSE,FALSE,0x66b1de0f14a0ce971f7f248415063d44caf19398,FALSE,6E+21,18,DAI,TRUE,0x66b1de0f14a0ce971f7f248415063d44caf19398,1606186550,0x66b1de0f14a0ce971f7f248415063d44caf19398,TRUE,0x66b1de0f14a0ce971f7f248415063d44caf19398,1605052619,1605055249,1605660049,24,3,0xee629a192374caf2a72cf1695c485c5c89611ef2,,Failed,Paladin Budget ,"Proposal for 4 months of back dated budget for paladins operational costs. We serve at your pleasure  
 ·ïô(‚áÄ‚Ä∏‚Üº‚Ä∂)·ïó",https://forum.metacartel.org/t/metacartels-paladin-role-strategy-ops/650/9,Funding Proposal
FALSE,0x74d8967e812de34702ecd3d453a44bf37440b10b,FALSE,,FALSE,FALSE,0x0000000000000000000000000000000000000000,FALSE,2.2E+21,18,WETH,TRUE,0x66b1de0f14a0ce971f7f248415063d44caf19398,1606186623,0x74d8967e812de34702ecd3d453a44bf37440b10b,TRUE,0x66b1de0f14a0ce971f7f248415063d44caf19398,1605088103,1605091249,1605696049,0,0,0xee629a192374caf2a72cf1695c485c5c89611ef2,,Failed,Vocdoni Bridge - Milestone 1,"This is the first Milestone (1/3) to fund Vocdoni Bridge, a trustless, scalable & universally verifiable token-based governance protocol for ERC20 tokens, extensible to ERC721 and POAPs.

It makes use of EVM storage proofs to enable onchain creation of voting censuses.",https://forum.metacartel.org/t/proposal-vocdoni-bridge-trustless-scalable-universally-verifiable-token-based-governance-protocol/822,Funding Proposal
FALSE,0xc34ad4a95adcd9021182fd5607ed822db738e7c4,FALSE,,TRUE,FALSE,0x0000000000000000000000000000000000000000,FALSE,3E+21,18,DAI,TRUE,0x7136fbddd4dffa2369a9283b6e90a040318011ca,1605477038,0x54bae63e59b422dd7c047e375f051d60c37cb60f,TRUE,0xd3e9d60e4e4de615124d5239219f32946d10151d,1604424983,1604428849,1605033649,37,3,0xee629a192374caf2a72cf1695c485c5c89611ef2,,Passed,Web3Bridge Grant application,"Web3Bridge is designed to be a bridge connecting web2 developers in Africa into web3. The program runs an 8-week remote learning plan.

Requesting for $3000 grant to fund the midway hack bounty for the ongoing cohort

",https://forum.metacartel.org/t/web3bridge-grant-application/791/2,Funding Proposal
FALSE,0xb53b0255895c4f9e3a185e484e5b674bccfbc076,FALSE,,TRUE,FALSE,0xb53b0255895c4f9e3a185e484e5b674bccfbc076,FALSE,3E+21,18,DAI,TRUE,0x66b1de0f14a0ce971f7f248415063d44caf19398,1605123132,0xb53b0255895c4f9e3a185e484e5b674bccfbc076,TRUE,0xb53b0255895c4f9e3a185e484e5b674bccfbc076,1603963134,1603968049,1604572849,25,3,0xee629a192374caf2a72cf1695c485c5c89611ef2,,Passed,Funding Proposal #4: MyMeta,"Hello fam, 
Pls open the faucet so we can water the Seeds.
Thanks
-peth",https://forum.metacartel.org/t/dao-proposal-mymeta/826,Funding Proposal
FALSE,0x119ebc037f052da7fd89ebf124c11c7b652f8438,FALSE,,TRUE,FALSE,0x0000000000000000000000000000000000000000,TRUE,0,,,TRUE,0x66b1de0f14a0ce971f7f248415063d44caf19398,1605020460,0x119ebc037f052da7fd89ebf124c11c7b652f8438,TRUE,0x66b1de0f14a0ce971f7f248415063d44caf19398,1603850358,1603852849,1604457649,44,3,0xee629a192374caf2a72cf1695c485c5c89611ef2,,Passed,Lauren S,pledging 5 eth for membership,,Member Proposal
FALSE,0xbfdb50dc66c8df9fd9688d8fe5a0c34126427645,FALSE,,TRUE,FALSE,0x0000000000000000000000000000000000000000,TRUE,0,,,TRUE,0x7136fbddd4dffa2369a9283b6e90a040318011ca,1603821280,0xbfdb50dc66c8df9fd9688d8fe5a0c34126427645,TRUE,0xb98ec0012fba5de02ab506782862a63a7945ee9c,1602691332,1602693649,1603298449,22,2,0xee629a192374caf2a72cf1695c485c5c89611ef2,,Passed,v2 Membership proposal #92 Mark B (fixed proposal),"I've been in touch with Yalor - upon request, I completed an audit of the WhalerDAO TREE contracts as my tribute.",http://twitter.com/markbeylin,Member Proposal
FALSE,0x821902923685f838810bdf85288354372885e669,FALSE,,TRUE,FALSE,0x7136fbddd4dffa2369a9283b6e90a040318011ca,FALSE,5E+21,18,DAI,TRUE,0x7136fbddd4dffa2369a9283b6e90a040318011ca,1603819341,0x7136fbddd4dffa2369a9283b6e90a040318011ca,TRUE,0x7136fbddd4dffa2369a9283b6e90a040318011ca,1602535546,1602542449,1603147249,41,3,0xee629a192374caf2a72cf1695c485c5c89611ef2,,Passed,Moloch Mystics ,Funding for v3 mini-audit (and v3 hackathon),https://forum.metacartel.org/t/moloch-mystics-v3-building/797,Funding Proposal
FALSE,0xbfdb50dc66c8df9fd9688d8fe5a0c34126427645,TRUE,1602608352,FALSE,FALSE,0x0000000000000000000000000000000000000000,TRUE,0,,,FALSE,0x0000000000000000000000000000000000000000,,0xbfdb50dc66c8df9fd9688d8fe5a0c34126427645,FALSE,0x0000000000000000000000000000000000000000,,0,0,0,0,0xee629a192374caf2a72cf1695c485c5c89611ef2,,Cancelled,v2 Membership proposal #92 Mark B,"I've been in touch with Yalor - upon request, I completed an audit of the WhalerDAO TREE contracts as my tribute.",http://twitter.com/markbeylin,Member Proposal
FALSE,0x5f350bf5fee8e254d6077f8661e9c7b83a30364e,FALSE,,TRUE,FALSE,0x865c2f85c9fea1c6ac7f53de07554d68cb92ed88,FALSE,2E+18,18,WETH,TRUE,0x7136fbddd4dffa2369a9283b6e90a040318011ca,1603819275,0x865c2f85c9fea1c6ac7f53de07554d68cb92ed88,TRUE,0xd26a3f686d43f2a62ba9eae2ff77e9f516d945b9,1602085257,1602088849,1602693649,31,2,0xee629a192374caf2a72cf1695c485c5c89611ef2,,Passed,Tree by Whaler DAO,https://forum.metacartel.org/t/dao-proposal-tree-by-whalerdao/793,https://forum.metacartel.org/t/dao-proposal-tree-by-whalerdao/793,Funding Proposal
FALSE,0x865c2f85c9fea1c6ac7f53de07554d68cb92ed88,FALSE,,TRUE,FALSE,0x865c2f85c9fea1c6ac7f53de07554d68cb92ed88,FALSE,5E+21,18,DAI,TRUE,0x865c2f85c9fea1c6ac7f53de07554d68cb92ed88,1603819183,0x865c2f85c9fea1c6ac7f53de07554d68cb92ed88,TRUE,0x9ac9c636404c8d46d9eb966d7179983ba5a3941a,1601540886,1601541649,1602146449,20,2,0xee629a192374caf2a72cf1695c485c5c89611ef2,,Passed,Untitled NFT hackathon funding (5000 DAI),https://forum.metacartel.org/t/proposal-untitled-hackathon/807/1,https://forum.metacartel.org/t/proposal-untitled-hackathon/807/1,Funding Proposal
FALSE,0xc53f9e67d8d2593bf976d4c0953e9f0ac35bd51f,FALSE,,TRUE,FALSE,0x0000000000000000000000000000000000000000,TRUE,0,,,TRUE,0xafcd4572408b322ada9890253a7a42a9fa4c2e40,1603780154,0xc53f9e67d8d2593bf976d4c0953e9f0ac35bd51f,TRUE,0x5bb3e1774923b75ecb804e2559149bbd2a39a414,1601399180,1601404849,1602009649,10,1,0xee629a192374caf2a72cf1695c485c5c89611ef2,,Passed,maurycy,maurycy,https://twitter.com/maurycy,Member Proposal
FALSE,0xa2bf1b0a7e079767b4701b5a1d9d5700eb42d1d1,FALSE,,TRUE,FALSE,0x0000000000000000000000000000000000000000,TRUE,0,,,TRUE,0x865c2f85c9fea1c6ac7f53de07554d68cb92ed88,1601916049,0x158acc01eb469039612ffb6a8f3112f490419cd9,TRUE,0xd26a3f686d43f2a62ba9eae2ff77e9f516d945b9,1600794560,1600800049,1601404849,21,1,0xee629a192374caf2a72cf1695c485c5c89611ef2,,Passed,Ethereum Foundation (Ken),https://etherscan.io/tx/0xaae1398a9f2c08c27ee7dcc2d276357a2f895048b235e1b8937616594924a6ac,https://etherscan.io/tx/0xaae1398a9f2c08c27ee7dcc2d276357a2f895048b235e1b8937616594924a6ac,Member Proposal
FALSE,0x0efe994201e2b0136dd40d5033b5f437e4c5f958,FALSE,,TRUE,FALSE,0xe04885c3f1419c6e8495c33bdcf5f8387cd88846,FALSE,5E+21,18,DAI,TRUE,0x865c2f85c9fea1c6ac7f53de07554d68cb92ed88,1601538637,0xe04885c3f1419c6e8495c33bdcf5f8387cd88846,TRUE,0xe04885c3f1419c6e8495c33bdcf5f8387cd88846,1600303364,1600310449,1600915249,10,1,0xee629a192374caf2a72cf1695c485c5c89611ef2,,Passed,Chili-Coin (v2 redo),Let's collateralize $CHILI to hold an experiment on Reddit!,https://forum.metacartel.org/t/chili-coin-for-reddit/738,Funding Proposal
FALSE,0x865c2f85c9fea1c6ac7f53de07554d68cb92ed88,TRUE,1600155500,FALSE,FALSE,0x0000000000000000000000000000000000000000,FALSE,1.3E+18,18,WETH,FALSE,0x0000000000000000000000000000000000000000,,0x865c2f85c9fea1c6ac7f53de07554d68cb92ed88,FALSE,0x0000000000000000000000000000000000000000,,0,0,0,0,0xee629a192374caf2a72cf1695c485c5c89611ef2,,Cancelled,Tree Grant,https://forum.metacartel.org/t/dao-proposal-tree-by-whalerdao/793?u=pet3rpan,https://forum.metacartel.org/t/dao-proposal-tree-by-whalerdao/793?u=pet3rpan,Funding Proposal
FALSE,0x865c2f85c9fea1c6ac7f53de07554d68cb92ed88,FALSE,,TRUE,FALSE,0x0000000000000000000000000000000000000000,FALSE,2E+21,18,DAI,TRUE,0xd26a3f686d43f2a62ba9eae2ff77e9f516d945b9,1600795181,0x865c2f85c9fea1c6ac7f53de07554d68cb92ed88,TRUE,0xc9283bbd79b016230838e57ce19e6aca12dd2c0d,1599738666,1599741649,1600346449,120,3,0xee629a192374caf2a72cf1695c485c5c89611ef2,,Passed,Grant: Snapshot,https://forum.metacartel.org/t/proposal-snapshot/789,https://forum.metacartel.org/t/proposal-snapshot/789,Funding Proposal
FALSE,0xd91ec22114897e5e68997f77a6182de3cb09ba9b,FALSE,,TRUE,FALSE,0x66b1de0f14a0ce971f7f248415063d44caf19398,FALSE,1.3E+21,18,DAI,TRUE,0xd26a3f686d43f2a62ba9eae2ff77e9f516d945b9,1600794988,0x66b1de0f14a0ce971f7f248415063d44caf19398,TRUE,0x66b1de0f14a0ce971f7f248415063d44caf19398,1599607060,1599612049,1600216849,13,1,0xee629a192374caf2a72cf1695c485c5c89611ef2,,Passed,Funding Proposal #3: Operation Pan Drop V2,Funds requested to distribute to MC DAO members for Gitcoin Grants round 7. ,https://forum.metacartel.org/t/dao-proposal-operation-pan-drop/716/4?u=yalor,Funding Proposal
FALSE,0xa3564677fc4907a15c9a7eae1dbc1ae9ac57b8e1,FALSE,,TRUE,FALSE,0x0000000000000000000000000000000000000000,TRUE,0,,,TRUE,0xd26a3f686d43f2a62ba9eae2ff77e9f516d945b9,1600794880,0xa3564677fc4907a15c9a7eae1dbc1ae9ac57b8e1,TRUE,0x66b1de0f14a0ce971f7f248415063d44caf19398,1599601779,1599604849,1600209649,13,1,0xee629a192374caf2a72cf1695c485c5c89611ef2,,Passed,Kerp,"I‚Äôm a lifetime generalist and storyteller. I grew up playing DnD, building computers, disassembling cameras, and finding ways to monetize that shit so I didn‚Äôt have to get a ‚Äúreal job.‚Äù

All the rest of the good stuff is in my intro. MetaCartel is dope, I'm already working with a ton of you in other places.

Lemme iiiiinnnnnn!!! üå∂",https://forum.metacartel.org/t/the-big-introduce-yourself-thread/12/118?u=yalor,Member Proposal
FALSE,0xb2d60143097b4f992bfbe955a22dbb2acd9a8eab,FALSE,,TRUE,FALSE,0x0000000000000000000000000000000000000000,TRUE,0,,,TRUE,0xb2d60143097b4f992bfbe955a22dbb2acd9a8eab,1600409075,0xb2d60143097b4f992bfbe955a22dbb2acd9a8eab,TRUE,0xe04885c3f1419c6e8495c33bdcf5f8387cd88846,1599249478,1599252049,1599856849,13,1,0xee629a192374caf2a72cf1695c485c5c89611ef2,,Passed,v2 Membership proposal #91 Andreas,Applying for new membership. Am in contact with Yalor in case of questions. Direct Contact: @XQTStrategy / linkedin.com/in/fauler,https://forum.metacartel.org/t/dao-membership-proposals-thread/51/68?u=netzm8,Member Proposal
FALSE,0xe04885c3f1419c6e8495c33bdcf5f8387cd88846,FALSE,,TRUE,FALSE,0xe04885c3f1419c6e8495c33bdcf5f8387cd88846,FALSE,0,,,TRUE,0xe04885c3f1419c6e8495c33bdcf5f8387cd88846,1599803321,0xe04885c3f1419c6e8495c33bdcf5f8387cd88846,TRUE,0xe04885c3f1419c6e8495c33bdcf5f8387cd88846,1598548538,1598553649,1599158449,10,1,0xee629a192374caf2a72cf1695c485c5c89611ef2,,Passed,Tribute 0.001 WETH,Tribute 0.001 WETH bc I am wCOOL (plus load of gas!),https://forum.metacartel.org/,Funding Proposal
FALSE,0xe04885c3f1419c6e8495c33bdcf5f8387cd88846,FALSE,,TRUE,FALSE,0xe04885c3f1419c6e8495c33bdcf5f8387cd88846,FALSE,0,,,TRUE,0xe04885c3f1419c6e8495c33bdcf5f8387cd88846,1599803140,0xe04885c3f1419c6e8495c33bdcf5f8387cd88846,TRUE,0xe04885c3f1419c6e8495c33bdcf5f8387cd88846,1598216381,1598222449,1598827249,10,1,0xee629a192374caf2a72cf1695c485c5c89611ef2,,Passed,Tribute 1 DAI,Tribute 1 DAI bc I am nice (plus load of gas!),https://forum.metacartel.org,Funding Proposal
FALSE,0x3be7264f5b60635f434559ab4abc839958768cf2,FALSE,,TRUE,FALSE,0xd26a3f686d43f2a62ba9eae2ff77e9f516d945b9,FALSE,1E+22,18,DAI,TRUE,0xced608aa29bb92185d9b6340adcbfa263dae075b,1596398820,0xd26a3f686d43f2a62ba9eae2ff77e9f516d945b9,TRUE,0xbaf6e57a3940898fd21076b139d4ab231dcbbc5f,1595282482,1595284849,1595889649,20,2,0xee629a192374caf2a72cf1695c485c5c89611ef2,,Passed,DAOhaus Sustainability Experiment,"Fund the DAOhaus 'War Camp' as it runs an experiment of a sustainable, open-source DAO. View the link for more details in the Forum. ",https://forum.metacartel.org/t/daohaus-sustainability/746,Funding Proposal
FALSE,0x8f5906963ae276e1631efa8ff1a9cae6499ec5e3,FALSE,,TRUE,FALSE,0x5b93ff82faaf241c15997ea3975419dddd8362c5,FALSE,5E+21,18,DAI,TRUE,0x51702659c5defe636b5b084a5ed16fd1066e6420,1595800764,0x5b93ff82faaf241c15997ea3975419dddd8362c5,TRUE,0xe04885c3f1419c6e8495c33bdcf5f8387cd88846,1594736891,1594737649,1595342449,11,2,0xee629a192374caf2a72cf1695c485c5c89611ef2,,Passed,Funding Proposal #2: Umbra Stealth Payments,5000 DAI to Umbra for a Consensys Diligence 24-hour audit (3k) plus a buffer for additional changes + development work (2k),https://forum.metacartel.org/t/dao-proposal-umbra-stealth-payments/737,Funding Proposal
FALSE,0xdbf14da8949d157b57acb79f6eee62412b210900,FALSE,,TRUE,FALSE,0xe04885c3f1419c6e8495c33bdcf5f8387cd88846,TRUE,0,,,TRUE,0xced608aa29bb92185d9b6340adcbfa263dae075b,1596395297,0xe04885c3f1419c6e8495c33bdcf5f8387cd88846,TRUE,0xe04885c3f1419c6e8495c33bdcf5f8387cd88846,1594875204,1594881649,1595486449,10,1,0xee629a192374caf2a72cf1695c485c5c89611ef2,,Passed,v2 Membership proposal #89,"Membership proposal, assigning shares 1:1 using a funding proposal for MetaCartel v2

",https://forum.metacartel.org/t/metacartel-treasury-proposal-2-beginning-moloch-v2-migration/663/10,Member Proposal
FALSE,0x7136fbddd4dffa2369a9283b6e90a040318011ca,FALSE,,TRUE,FALSE,0xe04885c3f1419c6e8495c33bdcf5f8387cd88846,TRUE,0,,,TRUE,0xced608aa29bb92185d9b6340adcbfa263dae075b,1596398571,0xe04885c3f1419c6e8495c33bdcf5f8387cd88846,TRUE,0xe04885c3f1419c6e8495c33bdcf5f8387cd88846,1594875348,1594903249,1595508049,10,1,0xee629a192374caf2a72cf1695c485c5c89611ef2,,Passed,v2 Membership proposal #87,"Membership proposal, assigning shares 1:1 using a funding proposal for MetaCartel v2",https://forum.metacartel.org/t/metacartel-treasury-proposal-2-beginning-moloch-v2-migration/663/10,Member Proposal
FALSE,0xd4aa67f778bba2805bc122f18f3d61df59c7a542,FALSE,,TRUE,FALSE,0xe04885c3f1419c6e8495c33bdcf5f8387cd88846,TRUE,0,,,TRUE,0xced608aa29bb92185d9b6340adcbfa263dae075b,1596398353,0xe04885c3f1419c6e8495c33bdcf5f8387cd88846,TRUE,0xe04885c3f1419c6e8495c33bdcf5f8387cd88846,1594875285,1594896049,1595500849,10,1,0xee629a192374caf2a72cf1695c485c5c89611ef2,,Passed,v2 Membership proposal #88,"Membership proposal, assigning shares 1:1 using a funding proposal for MetaCartel v2

",https://forum.metacartel.org/t/metacartel-treasury-proposal-2-beginning-moloch-v2-migration/663/10,Member Proposal
FALSE,0x357b7e9acd156c0f930b75c6ae6a42f3d9173042,FALSE,,TRUE,FALSE,0xe04885c3f1419c6e8495c33bdcf5f8387cd88846,TRUE,0,,,TRUE,0xced608aa29bb92185d9b6340adcbfa263dae075b,1596398237,0xe04885c3f1419c6e8495c33bdcf5f8387cd88846,TRUE,0xe04885c3f1419c6e8495c33bdcf5f8387cd88846,1594875241,1594888849,1595493649,10,1,0xee629a192374caf2a72cf1695c485c5c89611ef2,,Passed,v2 Membership proposal #90,"Membership proposal, assigning shares 1:1 using a funding proposal for MetaCartel v2

",https://forum.metacartel.org/t/metacartel-treasury-proposal-2-beginning-moloch-v2-migration/663/10,Member Proposal
FALSE,0x6b817156a65615f01949eae47cc66f2a1f2f2e7d,FALSE,,TRUE,FALSE,0xe04885c3f1419c6e8495c33bdcf5f8387cd88846,TRUE,0,,,TRUE,0x51702659c5defe636b5b084a5ed16fd1066e6420,1595803713,0xe04885c3f1419c6e8495c33bdcf5f8387cd88846,TRUE,0xd26a3f686d43f2a62ba9eae2ff77e9f516d945b9,1594744029,1594752049,1595356849,10,1,0xee629a192374caf2a72cf1695c485c5c89611ef2,,Passed,v2 Membership proposal #85,"Membership proposal, assigning shares 1:1 using a funding proposal for MetaCartel v2",https://forum.metacartel.org/t/metacartel-treasury-proposal-2-beginning-moloch-v2-migration/663/10,Member Proposal
FALSE,0x54becc7560a7be76d72ed76a1f5fee6c5a2a7ab6,FALSE,,TRUE,FALSE,0xe04885c3f1419c6e8495c33bdcf5f8387cd88846,TRUE,0,,,TRUE,0x51702659c5defe636b5b084a5ed16fd1066e6420,1595804263,0xe04885c3f1419c6e8495c33bdcf5f8387cd88846,TRUE,0xd26a3f686d43f2a62ba9eae2ff77e9f516d945b9,1594744041,1594759249,1595364049,10,1,0xee629a192374caf2a72cf1695c485c5c89611ef2,,Passed,v2 Membership proposal #86,"Membership proposal, assigning shares 1:1 using a funding proposal for MetaCartel v2

",https://forum.metacartel.org/t/metacartel-treasury-proposal-2-beginning-moloch-v2-migration/663/10,Member Proposal
FALSE,0x4f0a1940de411285ad0455a7f40c81b5e0bc8492,FALSE,,TRUE,FALSE,0xe04885c3f1419c6e8495c33bdcf5f8387cd88846,TRUE,0,,,TRUE,0x51702659c5defe636b5b084a5ed16fd1066e6420,1595802931,0xe04885c3f1419c6e8495c33bdcf5f8387cd88846,TRUE,0xd26a3f686d43f2a62ba9eae2ff77e9f516d945b9,1594744029,1594744849,1595349649,10,1,0xee629a192374caf2a72cf1695c485c5c89611ef2,,Passed,v2 Membership proposal #84,"Membership proposal, assigning shares 1:1 using a funding proposal for MetaCartel v2",https://forum.metacartel.org/t/metacartel-treasury-proposal-2-beginning-moloch-v2-migration/663/10,Member Proposal
FALSE,0xc2013c235cf746a8164747e25254c7b538864e10,FALSE,,TRUE,FALSE,0xe04885c3f1419c6e8495c33bdcf5f8387cd88846,TRUE,0,,,TRUE,0x51702659c5defe636b5b084a5ed16fd1066e6420,1595800058,0xe04885c3f1419c6e8495c33bdcf5f8387cd88846,TRUE,0xd26a3f686d43f2a62ba9eae2ff77e9f516d945b9,1594661064,1594665649,1595270449,10,1,0xee629a192374caf2a72cf1695c485c5c89611ef2,,Passed,v2 Membership proposal #83,"Membership proposal, assigning shares 1:1 using a funding proposal for MetaCartel v2",https://forum.metacartel.org/t/metacartel-treasury-proposal-2-beginning-moloch-v2-migration/663/10,Member Proposal
FALSE,0xb53b0255895c4f9e3a185e484e5b674bccfbc076,FALSE,,TRUE,FALSE,0xb53b0255895c4f9e3a185e484e5b674bccfbc076,FALSE,5E+21,18,DAI,TRUE,0x51702659c5defe636b5b084a5ed16fd1066e6420,1595798936,0xb53b0255895c4f9e3a185e484e5b674bccfbc076,TRUE,0xb53b0255895c4f9e3a185e484e5b674bccfbc076,1594294355,1594298449,1594903249,20,2,0xee629a192374caf2a72cf1695c485c5c89611ef2,,Passed,Funding Proposal #1 (or 39?): Fork The World,"Tossing the ball to the next proposer to decide whether v2 starts from #1 or continues at #39 :P.

Fork The World is the DAO hackathon we've been talking about for the past few weeks.

If you don't know much about it, proceed to the full proposal :)",https://forum.metacartel.org/t/dao-proposal-fork-the-world/732,Funding Proposal
FALSE,0x6dc43be93a8b5fd37dc16f24872babc6da5e5e3e,FALSE,,TRUE,FALSE,0x6dc43be93a8b5fd37dc16f24872babc6da5e5e3e,FALSE,0,,,TRUE,0x51702659c5defe636b5b084a5ed16fd1066e6420,1594339998,0x6dc43be93a8b5fd37dc16f24872babc6da5e5e3e,TRUE,0x6dc43be93a8b5fd37dc16f24872babc6da5e5e3e,1593146803,1593160849,1593765649,10,1,0xee629a192374caf2a72cf1695c485c5c89611ef2,,Passed,v2 Migration - First DAI deposit 2,https://forum.metacartel.org/t/metacartel-treasury-proposal-2-beginning-moloch-v2-migration/663,https://forum.metacartel.org/t/metacartel-treasury-proposal-2-beginning-moloch-v2-migration/663,Funding Proposal
FALSE,0x3d1df1a816577a62db61281f673c4f43ae063490,FALSE,,TRUE,FALSE,0x6dc43be93a8b5fd37dc16f24872babc6da5e5e3e,TRUE,0,,,TRUE,0x51702659c5defe636b5b084a5ed16fd1066e6420,1594008322,0x6dc43be93a8b5fd37dc16f24872babc6da5e5e3e,TRUE,0x6dc43be93a8b5fd37dc16f24872babc6da5e5e3e,1592877063,1592944849,1593549649,10,1,0xee629a192374caf2a72cf1695c485c5c89611ef2,,Passed,v2 Membership proposal #81,"Membership proposal, assigning shares 1:1 using a funding proposal for MetaCartel v2",https://forum.metacartel.org/t/metacartel-treasury-proposal-2-beginning-moloch-v2-migration/663/10,Member Proposal
FALSE,0x1c9e5aba9bce815ed3bb7d9455931b84c56d5114,FALSE,,TRUE,FALSE,0x6dc43be93a8b5fd37dc16f24872babc6da5e5e3e,TRUE,0,,,TRUE,0x51702659c5defe636b5b084a5ed16fd1066e6420,1594008988,0x6dc43be93a8b5fd37dc16f24872babc6da5e5e3e,TRUE,0x6dc43be93a8b5fd37dc16f24872babc6da5e5e3e,1592877063,1592952049,1593556849,10,1,0xee629a192374caf2a72cf1695c485c5c89611ef2,,Passed,v2 Membership proposal #82,"Membership proposal, assigning shares 1:1 using a funding proposal for MetaCartel v2",https://forum.metacartel.org/t/metacartel-treasury-proposal-2-beginning-moloch-v2-migration/663/10,Member Proposal
FALSE,0xd6e371526cdaee04cd8af225d42e37bc14688d9e,FALSE,,TRUE,FALSE,0x6dc43be93a8b5fd37dc16f24872babc6da5e5e3e,TRUE,0,,,TRUE,0x51702659c5defe636b5b084a5ed16fd1066e6420,1594339072,0x6dc43be93a8b5fd37dc16f24872babc6da5e5e3e,TRUE,0x6dc43be93a8b5fd37dc16f24872babc6da5e5e3e,1593145762,1593146449,1593751249,10,1,0xee629a192374caf2a72cf1695c485c5c89611ef2,,Passed,v2 Membership proposal #77,"Membership proposal, assigning shares 1:1 using a funding proposal for MetaCartel v2",https://forum.metacartel.org/t/metacartel-treasury-proposal-2-beginning-moloch-v2-migration/663/10,Member Proposal
FALSE,0xc9283bbd79b016230838e57ce19e6aca12dd2c0d,FALSE,,TRUE,FALSE,0x6dc43be93a8b5fd37dc16f24872babc6da5e5e3e,TRUE,0,,,TRUE,0x51702659c5defe636b5b084a5ed16fd1066e6420,1594339758,0x6dc43be93a8b5fd37dc16f24872babc6da5e5e3e,TRUE,0x6dc43be93a8b5fd37dc16f24872babc6da5e5e3e,1593145950,1593153649,1593758449,10,1,0xee629a192374caf2a72cf1695c485c5c89611ef2,,Passed,v2 Membership proposal #78,"Membership proposal, assigning shares 1:1 using a funding proposal for MetaCartel v2",https://forum.metacartel.org/t/metacartel-treasury-proposal-2-beginning-moloch-v2-migration/663/10,Member Proposal
FALSE,0x59e4415cc1eccecb5edaec533bdd87bf47c2ecf9,FALSE,,TRUE,FALSE,0x6dc43be93a8b5fd37dc16f24872babc6da5e5e3e,TRUE,0,,,TRUE,0x51702659c5defe636b5b084a5ed16fd1066e6420,1594007907,0x6dc43be93a8b5fd37dc16f24872babc6da5e5e3e,TRUE,0x6dc43be93a8b5fd37dc16f24872babc6da5e5e3e,1592877063,1592937649,1593542449,10,1,0xee629a192374caf2a72cf1695c485c5c89611ef2,,Passed,v2 Membership proposal #80,"Membership proposal, assigning shares 1:1 using a funding proposal for MetaCartel v2",https://forum.metacartel.org/t/metacartel-treasury-proposal-2-beginning-moloch-v2-migration/663/10,Member Proposal
FALSE,0x0aba55c93cf7292f71067b0ba0d8b464592895ca,FALSE,,TRUE,FALSE,0x6dc43be93a8b5fd37dc16f24872babc6da5e5e3e,TRUE,0,,,TRUE,0x51702659c5defe636b5b084a5ed16fd1066e6420,1594006542,0x6dc43be93a8b5fd37dc16f24872babc6da5e5e3e,TRUE,0x6dc43be93a8b5fd37dc16f24872babc6da5e5e3e,1592876881,1592923249,1593528049,10,1,0xee629a192374caf2a72cf1695c485c5c89611ef2,,Passed,v2 Membership proposal #75,"Membership proposal, assigning shares 1:1 using a funding proposal for MetaCartel v2",https://forum.metacartel.org/t/metacartel-treasury-proposal-2-beginning-moloch-v2-migration/663/10,Member Proposal
FALSE,0x5bfd96e1a7d2f597cc1a602d89fc9fca61207e09,FALSE,,TRUE,FALSE,0x6dc43be93a8b5fd37dc16f24872babc6da5e5e3e,TRUE,0,,,TRUE,0x51702659c5defe636b5b084a5ed16fd1066e6420,1594006226,0x6dc43be93a8b5fd37dc16f24872babc6da5e5e3e,TRUE,0x6dc43be93a8b5fd37dc16f24872babc6da5e5e3e,1592876881,1592916049,1593520849,10,1,0xee629a192374caf2a72cf1695c485c5c89611ef2,,Passed,v2 Membership proposal #74,"Membership proposal, assigning shares 1:1 using a funding proposal for MetaCartel v2",https://forum.metacartel.org/t/metacartel-treasury-proposal-2-beginning-moloch-v2-migration/663/10,Member Proposal
FALSE,0x0eabffd8ce94ab2387fc44ba32642af0c58af433,FALSE,,TRUE,FALSE,0x6dc43be93a8b5fd37dc16f24872babc6da5e5e3e,TRUE,0,,,TRUE,0x51702659c5defe636b5b084a5ed16fd1066e6420,1594005551,0x6dc43be93a8b5fd37dc16f24872babc6da5e5e3e,TRUE,0x6dc43be93a8b5fd37dc16f24872babc6da5e5e3e,1592876878,1592908849,1593513649,10,1,0xee629a192374caf2a72cf1695c485c5c89611ef2,,Passed,v2 Membership proposal #73,"Membership proposal, assigning shares 1:1 using a funding proposal for MetaCartel v2",https://forum.metacartel.org/t/metacartel-treasury-proposal-2-beginning-moloch-v2-migration/663/10,Member Proposal
FALSE,0x370ceca4fc1287ed99924bba76259f6c771a6022,FALSE,,TRUE,FALSE,0x6dc43be93a8b5fd37dc16f24872babc6da5e5e3e,TRUE,0,,,TRUE,0x51702659c5defe636b5b084a5ed16fd1066e6420,1594005334,0x6dc43be93a8b5fd37dc16f24872babc6da5e5e3e,TRUE,0x6dc43be93a8b5fd37dc16f24872babc6da5e5e3e,1592876878,1592901649,1593506449,10,1,0xee629a192374caf2a72cf1695c485c5c89611ef2,,Passed,v2 Membership proposal #72,"Membership proposal, assigning shares 1:1 using a funding proposal for MetaCartel v2",https://forum.metacartel.org/t/metacartel-treasury-proposal-2-beginning-moloch-v2-migration/663/10,Member Proposal
FALSE,0x3e0cf03f718520f30300266dcf4db50ba12d3331,FALSE,,TRUE,FALSE,0x6dc43be93a8b5fd37dc16f24872babc6da5e5e3e,TRUE,0,,,TRUE,0x51702659c5defe636b5b084a5ed16fd1066e6420,1594004755,0x6dc43be93a8b5fd37dc16f24872babc6da5e5e3e,TRUE,0x6dc43be93a8b5fd37dc16f24872babc6da5e5e3e,1592876844,1592880049,1593484849,10,1,0xee629a192374caf2a72cf1695c485c5c89611ef2,,Passed,v2 Membership proposal #62,"Membership proposal, assigning shares 1:1 using a funding proposal for MetaCartel v2",https://forum.metacartel.org/t/metacartel-treasury-proposal-2-beginning-moloch-v2-migration/663/10,Member Proposal
FALSE,0x66b1de0f14a0ce971f7f248415063d44caf19398,FALSE,,TRUE,FALSE,0x6dc43be93a8b5fd37dc16f24872babc6da5e5e3e,TRUE,0,,,TRUE,0x51702659c5defe636b5b084a5ed16fd1066e6420,1594004869,0x6dc43be93a8b5fd37dc16f24872babc6da5e5e3e,TRUE,0x6dc43be93a8b5fd37dc16f24872babc6da5e5e3e,1592876878,1592887249,1593492049,10,1,0xee629a192374caf2a72cf1695c485c5c89611ef2,,Passed,v2 Membership proposal #70,"Membership proposal, assigning shares 1:1 using a funding proposal for MetaCartel v2",https://forum.metacartel.org/t/metacartel-treasury-proposal-2-beginning-moloch-v2-migration/663/10,Member Proposal
FALSE,0x6dc43be93a8b5fd37dc16f24872babc6da5e5e3e,FALSE,,TRUE,FALSE,0x6dc43be93a8b5fd37dc16f24872babc6da5e5e3e,FALSE,0,,,TRUE,0x51702659c5defe636b5b084a5ed16fd1066e6420,1594005192,0x6dc43be93a8b5fd37dc16f24872babc6da5e5e3e,TRUE,0x6dc43be93a8b5fd37dc16f24872babc6da5e5e3e,1592876878,1592894449,1593499249,10,1,0xee629a192374caf2a72cf1695c485c5c89611ef2,,Passed,v2 Membership proposal #71,"Membership proposal, assigning shares 1:1 using a funding proposal for MetaCartel v2",https://forum.metacartel.org/t/metacartel-treasury-proposal-2-beginning-moloch-v2-migration/663/10,Funding Proposal
FALSE,0x6dc43be93a8b5fd37dc16f24872babc6da5e5e3e,FALSE,,TRUE,FALSE,0x6dc43be93a8b5fd37dc16f24872babc6da5e5e3e,FALSE,0,,,TRUE,0x51702659c5defe636b5b084a5ed16fd1066e6420,1593526491,0x6dc43be93a8b5fd37dc16f24872babc6da5e5e3e,TRUE,0x6dc43be93a8b5fd37dc16f24872babc6da5e5e3e,1592477411,1592484049,1593088849,20,2,0xee629a192374caf2a72cf1695c485c5c89611ef2,,Passed,v2 Migration - First DAI deposit test,https://forum.metacartel.org/t/metacartel-treasury-proposal-2-beginning-moloch-v2-migration/663,https://forum.metacartel.org/t/metacartel-treasury-proposal-2-beginning-moloch-v2-migration/663,Funding Proposal
FALSE,0xd6e371526cdaee04cd8af225d42e37bc14688d9e,FALSE,,FALSE,FALSE,0x6dc43be93a8b5fd37dc16f24872babc6da5e5e3e,TRUE,0,,,TRUE,0x51702659c5defe636b5b084a5ed16fd1066e6420,1592872719,0x6dc43be93a8b5fd37dc16f24872babc6da5e5e3e,TRUE,0x6dc43be93a8b5fd37dc16f24872babc6da5e5e3e,1591759534,1591821649,1592426449,0,0,0xee629a192374caf2a72cf1695c485c5c89611ef2,,Failed,v2 Membership proposal #77,"
Membership proposal, assigning shares 1:1 using a funding proposal for MetaCartel v2",https://forum.metacartel.org/t/metacartel-treasury-proposal-2-beginning-moloch-v2-migration/663/10,Member Proposal
FALSE,0xc9283bbd79b016230838e57ce19e6aca12dd2c0d,FALSE,,FALSE,FALSE,0x6dc43be93a8b5fd37dc16f24872babc6da5e5e3e,TRUE,0,,,TRUE,0x51702659c5defe636b5b084a5ed16fd1066e6420,1592873135,0x6dc43be93a8b5fd37dc16f24872babc6da5e5e3e,TRUE,0x6dc43be93a8b5fd37dc16f24872babc6da5e5e3e,1591759536,1591828849,1592433649,0,0,0xee629a192374caf2a72cf1695c485c5c89611ef2,,Failed,v2 Membership proposal #78,"
Membership proposal, assigning shares 1:1 using a funding proposal for MetaCartel v2",https://forum.metacartel.org/t/metacartel-treasury-proposal-2-beginning-moloch-v2-migration/663/10,Member Proposal
FALSE,0x85ac9e682995ebebde8ff107fbbbfe7c40992e4a,FALSE,,TRUE,FALSE,0x6dc43be93a8b5fd37dc16f24872babc6da5e5e3e,TRUE,0,,,TRUE,0x51702659c5defe636b5b084a5ed16fd1066e6420,1592873387,0x6dc43be93a8b5fd37dc16f24872babc6da5e5e3e,TRUE,0x6dc43be93a8b5fd37dc16f24872babc6da5e5e3e,1591759536,1591836049,1592440849,1,1,0xee629a192374caf2a72cf1695c485c5c89611ef2,,Passed,v2 Membership proposal #79,"
Membership proposal, assigning shares 1:1 using a funding proposal for MetaCartel v2",https://forum.metacartel.org/t/metacartel-treasury-proposal-2-beginning-moloch-v2-migration/663/10,Member Proposal
FALSE,0x370ceca4fc1287ed99924bba76259f6c771a6022,FALSE,,FALSE,FALSE,0x6dc43be93a8b5fd37dc16f24872babc6da5e5e3e,TRUE,0,,,TRUE,0x51702659c5defe636b5b084a5ed16fd1066e6420,1592869158,0x6dc43be93a8b5fd37dc16f24872babc6da5e5e3e,TRUE,0x6dc43be93a8b5fd37dc16f24872babc6da5e5e3e,1591754154,1591785649,1592390449,0,0,0xee629a192374caf2a72cf1695c485c5c89611ef2,,Failed,v2 Membership proposal #72,"
Membership proposal, assigning shares 1:1 using a funding proposal for MetaCartel v2",https://forum.metacartel.org/t/metacartel-treasury-proposal-2-beginning-moloch-v2-migration/663/10,Member Proposal
FALSE,0x0eabffd8ce94ab2387fc44ba32642af0c58af433,FALSE,,FALSE,FALSE,0x6dc43be93a8b5fd37dc16f24872babc6da5e5e3e,TRUE,0,,,TRUE,0x51702659c5defe636b5b084a5ed16fd1066e6420,1592870340,0x6dc43be93a8b5fd37dc16f24872babc6da5e5e3e,TRUE,0x6dc43be93a8b5fd37dc16f24872babc6da5e5e3e,1591754154,1591792849,1592397649,0,0,0xee629a192374caf2a72cf1695c485c5c89611ef2,,Failed,v2 Membership proposal #73,"
Membership proposal, assigning shares 1:1 using a funding proposal for MetaCartel v2",https://forum.metacartel.org/t/metacartel-treasury-proposal-2-beginning-moloch-v2-migration/663/10,Member Proposal
FALSE,0x5bfd96e1a7d2f597cc1a602d89fc9fca61207e09,FALSE,,FALSE,FALSE,0x6dc43be93a8b5fd37dc16f24872babc6da5e5e3e,TRUE,0,,,TRUE,0x51702659c5defe636b5b084a5ed16fd1066e6420,1592872154,0x6dc43be93a8b5fd37dc16f24872babc6da5e5e3e,TRUE,0x6dc43be93a8b5fd37dc16f24872babc6da5e5e3e,1591754154,1591800049,1592404849,0,0,0xee629a192374caf2a72cf1695c485c5c89611ef2,,Failed,v2 Membership proposal #74,"
Membership proposal, assigning shares 1:1 using a funding proposal for MetaCartel v2",https://forum.metacartel.org/t/metacartel-treasury-proposal-2-beginning-moloch-v2-migration/663/10,Member Proposal
FALSE,0x0aba55c93cf7292f71067b0ba0d8b464592895ca,FALSE,,FALSE,FALSE,0x6dc43be93a8b5fd37dc16f24872babc6da5e5e3e,TRUE,0,,,TRUE,0x51702659c5defe636b5b084a5ed16fd1066e6420,1592872312,0x6dc43be93a8b5fd37dc16f24872babc6da5e5e3e,TRUE,0x6dc43be93a8b5fd37dc16f24872babc6da5e5e3e,1591754184,1591807249,1592412049,0,0,0xee629a192374caf2a72cf1695c485c5c89611ef2,,Failed,v2 Membership proposal #75,"
Membership proposal, assigning shares 1:1 using a funding proposal for MetaCartel v2",https://forum.metacartel.org/t/metacartel-treasury-proposal-2-beginning-moloch-v2-migration/663/10,Member Proposal
FALSE,0x839395e20bbb182fa440d08f850e6c7a8f6f0780,FALSE,,TRUE,FALSE,0x6dc43be93a8b5fd37dc16f24872babc6da5e5e3e,TRUE,0,,,TRUE,0x51702659c5defe636b5b084a5ed16fd1066e6420,1592872536,0x6dc43be93a8b5fd37dc16f24872babc6da5e5e3e,TRUE,0x6dc43be93a8b5fd37dc16f24872babc6da5e5e3e,1591754184,1591814449,1592419249,10,1,0xee629a192374caf2a72cf1695c485c5c89611ef2,,Passed,v2 Membership proposal #76,"
Membership proposal, assigning shares 1:1 using a funding proposal for MetaCartel v2",https://forum.metacartel.org/t/metacartel-treasury-proposal-2-beginning-moloch-v2-migration/663/10,Member Proposal
FALSE,0x6dc43be93a8b5fd37dc16f24872babc6da5e5e3e,FALSE,,FALSE,FALSE,0x6dc43be93a8b5fd37dc16f24872babc6da5e5e3e,FALSE,0,,,TRUE,0x51702659c5defe636b5b084a5ed16fd1066e6420,1592868944,0x6dc43be93a8b5fd37dc16f24872babc6da5e5e3e,TRUE,0x6dc43be93a8b5fd37dc16f24872babc6da5e5e3e,1591754154,1591778449,1592383249,0,0,0xee629a192374caf2a72cf1695c485c5c89611ef2,,Failed,v2 Membership proposal #71,"
Membership proposal, assigning shares 1:1 using a funding proposal for MetaCartel v2",https://forum.metacartel.org/t/metacartel-treasury-proposal-2-beginning-moloch-v2-migration/663/10,Funding Proposal
FALSE,0xbbbfc46566e5f0302cef913af8c8f423070ce6a1,FALSE,,TRUE,FALSE,0x6dc43be93a8b5fd37dc16f24872babc6da5e5e3e,TRUE,0,,,TRUE,0x51702659c5defe636b5b084a5ed16fd1066e6420,1594007769,0x6dc43be93a8b5fd37dc16f24872babc6da5e5e3e,TRUE,0x6dc43be93a8b5fd37dc16f24872babc6da5e5e3e,1592877063,1592930449,1593535249,10,1,0xee629a192374caf2a72cf1695c485c5c89611ef2,,Passed,v2 Membership proposal #69,"
Membership proposal, assigning shares 1:1 using a funding proposal for MetaCartel v2",https://forum.metacartel.org/t/metacartel-treasury-proposal-2-beginning-moloch-v2-migration/663/10,Member Proposal
FALSE,0x66b1de0f14a0ce971f7f248415063d44caf19398,FALSE,,FALSE,FALSE,0x6dc43be93a8b5fd37dc16f24872babc6da5e5e3e,TRUE,0,,,TRUE,0x51702659c5defe636b5b084a5ed16fd1066e6420,1592868644,0x6dc43be93a8b5fd37dc16f24872babc6da5e5e3e,TRUE,0x6dc43be93a8b5fd37dc16f24872babc6da5e5e3e,1591754154,1591771249,1592376049,0,0,0xee629a192374caf2a72cf1695c485c5c89611ef2,,Failed,v2 Membership proposal #70,"
Membership proposal, assigning shares 1:1 using a funding proposal for MetaCartel v2",https://forum.metacartel.org/t/metacartel-treasury-proposal-2-beginning-moloch-v2-migration/663/10,Member Proposal
FALSE,0xbbbfc46566e5f0302cef913af8c8f423070ce6a1,FALSE,,TRUE,FALSE,0x6dc43be93a8b5fd37dc16f24872babc6da5e5e3e,TRUE,0,,,TRUE,0x51702659c5defe636b5b084a5ed16fd1066e6420,1592868525,0x6dc43be93a8b5fd37dc16f24872babc6da5e5e3e,TRUE,0x6dc43be93a8b5fd37dc16f24872babc6da5e5e3e,1591754154,1591764049,1592368849,10,1,0xee629a192374caf2a72cf1695c485c5c89611ef2,,Passed,v2 Membership proposal #69,"Membership proposal, assigning shares 1:1 using a funding proposal for MetaCartel v2",https://forum.metacartel.org/t/metacartel-treasury-proposal-2-beginning-moloch-v2-migration/663/10,Member Proposal
FALSE,0x1289f94bcc60ed9f894ab9d5a54c21b3d4b3f2da,FALSE,,TRUE,FALSE,0x6dc43be93a8b5fd37dc16f24872babc6da5e5e3e,TRUE,0,,,TRUE,0x51702659c5defe636b5b084a5ed16fd1066e6420,1592615556,0x6dc43be93a8b5fd37dc16f24872babc6da5e5e3e,TRUE,0x6dc43be93a8b5fd37dc16f24872babc6da5e5e3e,1591514635,1591540849,1592145649,1,1,0xee629a192374caf2a72cf1695c485c5c89611ef2,,Passed,v2 Membership proposal #66,"Membership proposal, assigning shares 1:1 using a funding proposal for MetaCartel v2",https://forum.metacartel.org/t/metacartel-treasury-proposal-2-beginning-moloch-v2-migration/663/10,Member Proposal
FALSE,0x0bf4c238a25b66cd869331a692dfd0322708d7fb,FALSE,,TRUE,FALSE,0x6dc43be93a8b5fd37dc16f24872babc6da5e5e3e,TRUE,0,,,TRUE,0x51702659c5defe636b5b084a5ed16fd1066e6420,1592615738,0x6dc43be93a8b5fd37dc16f24872babc6da5e5e3e,TRUE,0x6dc43be93a8b5fd37dc16f24872babc6da5e5e3e,1591514681,1591548049,1592152849,1,1,0xee629a192374caf2a72cf1695c485c5c89611ef2,,Passed,v2 Membership proposal #67,"Membership proposal, assigning shares 1:1 using a funding proposal for MetaCartel v2",https://forum.metacartel.org/t/metacartel-treasury-proposal-2-beginning-moloch-v2-migration/663/10,Member Proposal
FALSE,0x007bc558d547ada9813bf148510988262f510c4e,FALSE,,TRUE,FALSE,0x6dc43be93a8b5fd37dc16f24872babc6da5e5e3e,TRUE,0,,,TRUE,0x51702659c5defe636b5b084a5ed16fd1066e6420,1592616485,0x6dc43be93a8b5fd37dc16f24872babc6da5e5e3e,TRUE,0x6dc43be93a8b5fd37dc16f24872babc6da5e5e3e,1591514681,1591555249,1592160049,1,1,0xee629a192374caf2a72cf1695c485c5c89611ef2,,Passed,v2 Membership proposal #68,"Membership proposal, assigning shares 1:1 using a funding proposal for MetaCartel v2",https://forum.metacartel.org/t/metacartel-treasury-proposal-2-beginning-moloch-v2-migration/663/10,Member Proposal
FALSE,0x2b47c57a4c9fc1649b43500f4c0cda6cf29be278,FALSE,,TRUE,FALSE,0x6dc43be93a8b5fd37dc16f24872babc6da5e5e3e,TRUE,0,,,TRUE,0x51702659c5defe636b5b084a5ed16fd1066e6420,1592614996,0x6dc43be93a8b5fd37dc16f24872babc6da5e5e3e,TRUE,0x6dc43be93a8b5fd37dc16f24872babc6da5e5e3e,1591514635,1591526449,1592131249,1,1,0xee629a192374caf2a72cf1695c485c5c89611ef2,,Passed,v2 Membership proposal #64,"Membership proposal, assigning shares 1:1 using a funding proposal for MetaCartel v2",https://forum.metacartel.org/t/metacartel-treasury-proposal-2-beginning-moloch-v2-migration/663/10,Member Proposal
FALSE,0x2566190503393b80bded55228c61a175f40e4d42,FALSE,,TRUE,FALSE,0x6dc43be93a8b5fd37dc16f24872babc6da5e5e3e,TRUE,0,,,TRUE,0x51702659c5defe636b5b084a5ed16fd1066e6420,1592615169,0x6dc43be93a8b5fd37dc16f24872babc6da5e5e3e,TRUE,0x6dc43be93a8b5fd37dc16f24872babc6da5e5e3e,1591514635,1591533649,1592138449,1,1,0xee629a192374caf2a72cf1695c485c5c89611ef2,,Passed,v2 Membership proposal #65,"Membership proposal, assigning shares 1:1 using a funding proposal for MetaCartel v2",https://forum.metacartel.org/t/metacartel-treasury-proposal-2-beginning-moloch-v2-migration/663/10,Member Proposal
FALSE,0x3d97da320ed3d3aee33559b643339571a8abe6e9,FALSE,,TRUE,FALSE,0x6dc43be93a8b5fd37dc16f24872babc6da5e5e3e,TRUE,0,,,TRUE,0x51702659c5defe636b5b084a5ed16fd1066e6420,1592614755,0x6dc43be93a8b5fd37dc16f24872babc6da5e5e3e,TRUE,0x6dc43be93a8b5fd37dc16f24872babc6da5e5e3e,1591514635,1591519249,1592124049,1,1,0xee629a192374caf2a72cf1695c485c5c89611ef2,,Passed,v2 Membership proposal #63,"Membership proposal, assigning shares 1:1 using a funding proposal for MetaCartel v2",https://forum.metacartel.org/t/metacartel-treasury-proposal-2-beginning-moloch-v2-migration/663/10,Member Proposal
FALSE,0x3e0cf03f718520f30300266dcf4db50ba12d3331,FALSE,,FALSE,FALSE,0x6dc43be93a8b5fd37dc16f24872babc6da5e5e3e,TRUE,0,,,TRUE,0x51702659c5defe636b5b084a5ed16fd1066e6420,1592868337,0x6dc43be93a8b5fd37dc16f24872babc6da5e5e3e,TRUE,0x6dc43be93a8b5fd37dc16f24872babc6da5e5e3e,1591754154,1591756849,1592361649,0,0,0xee629a192374caf2a72cf1695c485c5c89611ef2,,Failed,v2 Membership proposal #62,"Membership proposal, assigning shares 1:1 using a funding proposal for MetaCartel v2",https://forum.metacartel.org/t/metacartel-treasury-proposal-2-beginning-moloch-v2-migration/663/10,Member Proposal
FALSE,0x4d31d0297174ec3fd689d9544efc15e851e443eb,FALSE,,TRUE,FALSE,0x6dc43be93a8b5fd37dc16f24872babc6da5e5e3e,TRUE,0,,,TRUE,0x51702659c5defe636b5b084a5ed16fd1066e6420,1592464676,0x6dc43be93a8b5fd37dc16f24872babc6da5e5e3e,TRUE,0x6dc43be93a8b5fd37dc16f24872babc6da5e5e3e,1591395725,1591425649,1592030449,1,1,0xee629a192374caf2a72cf1695c485c5c89611ef2,,Passed,v2 Membership proposal #59,"Membership proposal, assigning shares 1:1 using a funding proposal for MetaCartel v2",https://forum.metacartel.org/t/metacartel-treasury-proposal-2-beginning-moloch-v2-migration/663/10,Member Proposal
FALSE,0x476547d8472407cb05acc4b3b8a5431871d0d072,FALSE,,TRUE,FALSE,0x6dc43be93a8b5fd37dc16f24872babc6da5e5e3e,TRUE,0,,,TRUE,0xd26a3f686d43f2a62ba9eae2ff77e9f516d945b9,1592517848,0x6dc43be93a8b5fd37dc16f24872babc6da5e5e3e,TRUE,0x6dc43be93a8b5fd37dc16f24872babc6da5e5e3e,1591395725,1591432849,1592037649,1,1,0xee629a192374caf2a72cf1695c485c5c89611ef2,,Passed,v2 Membership proposal #60,"Membership proposal, assigning shares 1:1 using a funding proposal for MetaCartel v2",https://forum.metacartel.org/t/metacartel-treasury-proposal-2-beginning-moloch-v2-migration/663/10,Member Proposal
FALSE,0x4444444477eb5fe6d1d42e98e97d9c4c03a57f99,FALSE,,TRUE,FALSE,0x6dc43be93a8b5fd37dc16f24872babc6da5e5e3e,TRUE,0,,,TRUE,0x51702659c5defe636b5b084a5ed16fd1066e6420,1592614603,0x6dc43be93a8b5fd37dc16f24872babc6da5e5e3e,TRUE,0x6dc43be93a8b5fd37dc16f24872babc6da5e5e3e,1591395725,1591440049,1592044849,1,1,0xee629a192374caf2a72cf1695c485c5c89611ef2,,Passed,v2 Membership proposal #61,"Membership proposal, assigning shares 1:1 using a funding proposal for MetaCartel v2",https://forum.metacartel.org/t/metacartel-treasury-proposal-2-beginning-moloch-v2-migration/663/10,Member Proposal
FALSE,0x5bb3e1774923b75ecb804e2559149bbd2a39a414,FALSE,,TRUE,FALSE,0x6dc43be93a8b5fd37dc16f24872babc6da5e5e3e,TRUE,0,,,TRUE,0x51702659c5defe636b5b084a5ed16fd1066e6420,1592452333,0x6dc43be93a8b5fd37dc16f24872babc6da5e5e3e,TRUE,0x6dc43be93a8b5fd37dc16f24872babc6da5e5e3e,1591395725,1591411249,1592016049,1,1,0xee629a192374caf2a72cf1695c485c5c89611ef2,,Passed,v2 Membership proposal #57,"Membership proposal, assigning shares 1:1 using a funding proposal for MetaCartel v2",https://forum.metacartel.org/t/metacartel-treasury-proposal-2-beginning-moloch-v2-migration/6630x5bb3e1774923b75ecb804e2559149bbd2a39a414,Member Proposal
FALSE,0x57db4c6e862e4144ff48b67732d2ccb5af9de14c,FALSE,,TRUE,FALSE,0x6dc43be93a8b5fd37dc16f24872babc6da5e5e3e,TRUE,0,,,TRUE,0x51702659c5defe636b5b084a5ed16fd1066e6420,1592456247,0x6dc43be93a8b5fd37dc16f24872babc6da5e5e3e,TRUE,0x6dc43be93a8b5fd37dc16f24872babc6da5e5e3e,1591395725,1591418449,1592023249,1,1,0xee629a192374caf2a72cf1695c485c5c89611ef2,,Passed,v2 Membership proposal #58,"Membership proposal, assigning shares 1:1 using a funding proposal for MetaCartel v2",https://forum.metacartel.org/t/metacartel-treasury-proposal-2-beginning-moloch-v2-migration/663/10,Member Proposal
FALSE,0x60c38e6f5735ee81240e3a9857147e9438b01ba0,FALSE,,TRUE,FALSE,0x6dc43be93a8b5fd37dc16f24872babc6da5e5e3e,TRUE,0,,,TRUE,0x51702659c5defe636b5b084a5ed16fd1066e6420,1592441642,0x6dc43be93a8b5fd37dc16f24872babc6da5e5e3e,TRUE,0x6dc43be93a8b5fd37dc16f24872babc6da5e5e3e,1591395725,1591404049,1592008849,1,1,0xee629a192374caf2a72cf1695c485c5c89611ef2,,Passed,v2 Membership proposal #56,"Membership proposal, assigning shares 1:1 using a funding proposal for MetaCartel v2",https://forum.metacartel.org/t/metacartel-treasury-proposal-2-beginning-moloch-v2-migration/663/10,Member Proposal
FALSE,0x68d36dcbdd7bbf206e27134f28103abe7cf972df,FALSE,,TRUE,FALSE,0x6dc43be93a8b5fd37dc16f24872babc6da5e5e3e,TRUE,0,,,TRUE,0x51702659c5defe636b5b084a5ed16fd1066e6420,1592433751,0x6dc43be93a8b5fd37dc16f24872babc6da5e5e3e,TRUE,0x6dc43be93a8b5fd37dc16f24872babc6da5e5e3e,1591395725,1591396849,1592001649,1,1,0xee629a192374caf2a72cf1695c485c5c89611ef2,,Passed,v2 Membership proposal #55,"Membership proposal, assigning shares 1:1 using a funding proposal for MetaCartel v2",https://forum.metacartel.org/t/metacartel-treasury-proposal-2-beginning-moloch-v2-migration/663/10,Member Proposal
FALSE,0x73dd61e593b827f1a36d3324260a8e62e47196fe,FALSE,,TRUE,FALSE,0x6dc43be93a8b5fd37dc16f24872babc6da5e5e3e,TRUE,0,,,TRUE,0x51702659c5defe636b5b084a5ed16fd1066e6420,1592419321,0x6dc43be93a8b5fd37dc16f24872babc6da5e5e3e,TRUE,0x6dc43be93a8b5fd37dc16f24872babc6da5e5e3e,1591345679,1591382449,1591987249,1,1,0xee629a192374caf2a72cf1695c485c5c89611ef2,,Passed,v2 Membership proposal #53,"Membership proposal, assigning shares 1:1 using a funding proposal for MetaCartel v2",https://forum.metacartel.org/t/metacartel-treasury-proposal-2-beginning-moloch-v2-migration/663/10,Member Proposal
FALSE,0x6fc46b64e3de0a4962d15a75129f39a9068c6f10,FALSE,,TRUE,FALSE,0x6dc43be93a8b5fd37dc16f24872babc6da5e5e3e,TRUE,0,,,TRUE,0x51702659c5defe636b5b084a5ed16fd1066e6420,1592426612,0x6dc43be93a8b5fd37dc16f24872babc6da5e5e3e,TRUE,0x6dc43be93a8b5fd37dc16f24872babc6da5e5e3e,1591345679,1591389649,1591994449,1,1,0xee629a192374caf2a72cf1695c485c5c89611ef2,,Passed,v2 Membership proposal #54,"Membership proposal, assigning shares 1:1 using a funding proposal for MetaCartel v2",https://forum.metacartel.org/t/metacartel-treasury-proposal-2-beginning-moloch-v2-migration/663/10,Member Proposal
FALSE,0x83ab8e31df35aa3281d630529c6f4bf5ac7f7abf,FALSE,,TRUE,FALSE,0x6dc43be93a8b5fd37dc16f24872babc6da5e5e3e,TRUE,0,,,TRUE,0x51702659c5defe636b5b084a5ed16fd1066e6420,1592412613,0x6dc43be93a8b5fd37dc16f24872babc6da5e5e3e,TRUE,0x6dc43be93a8b5fd37dc16f24872babc6da5e5e3e,1591345679,1591375249,1591980049,1,1,0xee629a192374caf2a72cf1695c485c5c89611ef2,,Passed,v2 Membership proposal #52,"Membership proposal, assigning shares 1:1 using a funding proposal for MetaCartel v2",https://forum.metacartel.org/t/metacartel-treasury-proposal-2-beginning-moloch-v2-migration/663/10,Member Proposal
FALSE,0x8c4c44fd06f7f98f08bf6a9ca156cec9ee1f31f8,FALSE,,TRUE,FALSE,0x6dc43be93a8b5fd37dc16f24872babc6da5e5e3e,TRUE,0,,,TRUE,0x51702659c5defe636b5b084a5ed16fd1066e6420,1592412449,0x6dc43be93a8b5fd37dc16f24872babc6da5e5e3e,TRUE,0x6dc43be93a8b5fd37dc16f24872babc6da5e5e3e,1591345679,1591368049,1591972849,1,1,0xee629a192374caf2a72cf1695c485c5c89611ef2,,Passed,v2 Membership proposal #51,"Membership proposal, assigning shares 1:1 using a funding proposal for MetaCartel v2",https://forum.metacartel.org/t/metacartel-treasury-proposal-2-beginning-moloch-v2-migration/663/10,Member Proposal
FALSE,0xa84944735b66e957fe385567dcc85975022fe68a,FALSE,,TRUE,FALSE,0x6dc43be93a8b5fd37dc16f24872babc6da5e5e3e,TRUE,0,,,TRUE,0x51702659c5defe636b5b084a5ed16fd1066e6420,1592397942,0x6dc43be93a8b5fd37dc16f24872babc6da5e5e3e,TRUE,0x6dc43be93a8b5fd37dc16f24872babc6da5e5e3e,1591345679,1591360849,1591965649,1,1,0xee629a192374caf2a72cf1695c485c5c89611ef2,,Passed,v2 Membership proposal #49,"

Membership proposal, assigning shares 1:1 using a funding proposal for MetaCartel v2",https://forum.metacartel.org/t/metacartel-treasury-proposal-2-beginning-moloch-v2-migration/663/10,Member Proposal
FALSE,0xa7499aa6464c078eeb940da2fc95c6acd010c3cc,FALSE,,TRUE,FALSE,0x6dc43be93a8b5fd37dc16f24872babc6da5e5e3e,TRUE,0,,,TRUE,0x51702659c5defe636b5b084a5ed16fd1066e6420,1592390656,0x6dc43be93a8b5fd37dc16f24872babc6da5e5e3e,TRUE,0x6dc43be93a8b5fd37dc16f24872babc6da5e5e3e,1591345679,1591353649,1591958449,1,1,0xee629a192374caf2a72cf1695c485c5c89611ef2,,Passed,v2 Membership proposal #50,"Membership proposal, assigning shares 1:1 using a funding proposal for MetaCartel v2",https://forum.metacartel.org/t/metacartel-treasury-proposal-2-beginning-moloch-v2-migration/663/10,Member Proposal
FALSE,0xa8bf16be6829d8eb167b62e11517cd01623d7ec6,FALSE,,TRUE,FALSE,0x6dc43be93a8b5fd37dc16f24872babc6da5e5e3e,TRUE,0,,,TRUE,0x51702659c5defe636b5b084a5ed16fd1066e6420,1592385489,0x6dc43be93a8b5fd37dc16f24872babc6da5e5e3e,TRUE,0x6dc43be93a8b5fd37dc16f24872babc6da5e5e3e,1591343267,1591346449,1591951249,1,1,0xee629a192374caf2a72cf1695c485c5c89611ef2,,Passed,v2 Membership proposal #48,"Membership proposal, assigning shares 1:1 using a funding proposal for MetaCartel v2",https://forum.metacartel.org/t/metacartel-treasury-proposal-2-beginning-moloch-v2-migration/663/10,Member Proposal
FALSE,0xaa01dec5307cf17f20881a3286dcaa062578cea7,FALSE,,TRUE,FALSE,0x6dc43be93a8b5fd37dc16f24872babc6da5e5e3e,TRUE,0,,,TRUE,0x51702659c5defe636b5b084a5ed16fd1066e6420,1592366401,0x6dc43be93a8b5fd37dc16f24872babc6da5e5e3e,TRUE,0x6dc43be93a8b5fd37dc16f24872babc6da5e5e3e,1591247770,1591324849,1591929649,1,1,0xee629a192374caf2a72cf1695c485c5c89611ef2,,Passed,v2 Membership proposal #47,"Membership proposal, assigning shares 1:1 using a funding proposal for MetaCartel v2",https://forum.metacartel.org/t/metacartel-treasury-proposal-2-beginning-moloch-v2-migration/663/10,Member Proposal
FALSE,0xb53b0255895c4f9e3a185e484e5b674bccfbc076,FALSE,,TRUE,FALSE,0x6dc43be93a8b5fd37dc16f24872babc6da5e5e3e,TRUE,0,,,TRUE,0x51702659c5defe636b5b084a5ed16fd1066e6420,1592358312,0x6dc43be93a8b5fd37dc16f24872babc6da5e5e3e,TRUE,0x6dc43be93a8b5fd37dc16f24872babc6da5e5e3e,1591247770,1591317649,1591922449,1,1,0xee629a192374caf2a72cf1695c485c5c89611ef2,,Passed,v2 Membership proposal #46,"Membership proposal, assigning shares 1:1 using a funding proposal for MetaCartel v2",https://forum.metacartel.org/t/metacartel-treasury-proposal-2-beginning-moloch-v2-migration/663/10,Member Proposal
FALSE,0xb64943f4f26d837ceeac96cae86d1bab23a3414d,FALSE,,TRUE,FALSE,0x6dc43be93a8b5fd37dc16f24872babc6da5e5e3e,TRUE,0,,,TRUE,0x51702659c5defe636b5b084a5ed16fd1066e6420,1592358076,0x6dc43be93a8b5fd37dc16f24872babc6da5e5e3e,TRUE,0x6dc43be93a8b5fd37dc16f24872babc6da5e5e3e,1591247770,1591310449,1591915249,1,1,0xee629a192374caf2a72cf1695c485c5c89611ef2,,Passed,v2 Membership proposal #45,"Membership proposal, assigning shares 1:1 using a funding proposal for MetaCartel v2",https://forum.metacartel.org/t/metacartel-treasury-proposal-2-beginning-moloch-v2-migration/663/10,Member Proposal
FALSE,0xcb42ac441fcade3935243ea118701f39aa004486,FALSE,,TRUE,FALSE,0x6dc43be93a8b5fd37dc16f24872babc6da5e5e3e,TRUE,0,,,TRUE,0x51702659c5defe636b5b084a5ed16fd1066e6420,1592355078,0x6dc43be93a8b5fd37dc16f24872babc6da5e5e3e,TRUE,0x6dc43be93a8b5fd37dc16f24872babc6da5e5e3e,1591247743,1591274449,1591879249,1,1,0xee629a192374caf2a72cf1695c485c5c89611ef2,,Passed,v2 Membership proposal #40,"Membership proposal, assigning shares 1:1 using a funding proposal for MetaCartel v2",https://forum.metacartel.org/t/metacartel-treasury-proposal-2-beginning-moloch-v2-migration/663/10,Member Proposal
FALSE,0xc6b0a4c5ba85d082ecd4fb05fbf63eb92ac1083a,FALSE,,TRUE,FALSE,0x6dc43be93a8b5fd37dc16f24872babc6da5e5e3e,TRUE,0,,,TRUE,0x51702659c5defe636b5b084a5ed16fd1066e6420,1592355395,0x6dc43be93a8b5fd37dc16f24872babc6da5e5e3e,TRUE,0x6dc43be93a8b5fd37dc16f24872babc6da5e5e3e,1591247765,1591281649,1591886449,1,1,0xee629a192374caf2a72cf1695c485c5c89611ef2,,Passed,v2 Membership proposal #41,"Membership proposal, assigning shares 1:1 using a funding proposal for MetaCartel v2",https://forum.metacartel.org/t/metacartel-treasury-proposal-2-beginning-moloch-v2-migration/663/10,Member Proposal
FALSE,0xbfa663d95f32ab88d01de891e9bde0f8ba8662ec,FALSE,,TRUE,FALSE,0x6dc43be93a8b5fd37dc16f24872babc6da5e5e3e,TRUE,0,,,TRUE,0x51702659c5defe636b5b084a5ed16fd1066e6420,1592355544,0x6dc43be93a8b5fd37dc16f24872babc6da5e5e3e,TRUE,0x6dc43be93a8b5fd37dc16f24872babc6da5e5e3e,1591247765,1591288849,1591893649,1,1,0xee629a192374caf2a72cf1695c485c5c89611ef2,,Passed,v2 Membership proposal #42,"Membership proposal, assigning shares 1:1 using a funding proposal for MetaCartel v2",https://forum.metacartel.org/t/metacartel-treasury-proposal-2-beginning-moloch-v2-migration/663/10,Member Proposal
FALSE,0xbaf6e57a3940898fd21076b139d4ab231dcbbc5f,FALSE,,TRUE,FALSE,0x6dc43be93a8b5fd37dc16f24872babc6da5e5e3e,TRUE,0,,,TRUE,0x51702659c5defe636b5b084a5ed16fd1066e6420,1592357259,0x6dc43be93a8b5fd37dc16f24872babc6da5e5e3e,TRUE,0x6dc43be93a8b5fd37dc16f24872babc6da5e5e3e,1591247770,1591296049,1591900849,1,1,0xee629a192374caf2a72cf1695c485c5c89611ef2,,Passed,v2 Membership proposal #43,"Membership proposal, assigning shares 1:1 using a funding proposal for MetaCartel v2",https://forum.metacartel.org/t/metacartel-treasury-proposal-2-beginning-moloch-v2-migration/663/10,Member Proposal
FALSE,0xb98ec0012fba5de02ab506782862a63a7945ee9c,FALSE,,TRUE,FALSE,0x6dc43be93a8b5fd37dc16f24872babc6da5e5e3e,TRUE,0,,,TRUE,0x51702659c5defe636b5b084a5ed16fd1066e6420,1592357413,0x6dc43be93a8b5fd37dc16f24872babc6da5e5e3e,TRUE,0x6dc43be93a8b5fd37dc16f24872babc6da5e5e3e,1591247770,1591303249,1591908049,1,1,0xee629a192374caf2a72cf1695c485c5c89611ef2,,Passed,v2 Membership proposal #44,"Membership proposal, assigning shares 1:1 using a funding proposal for MetaCartel v2",https://forum.metacartel.org/t/metacartel-treasury-proposal-2-beginning-moloch-v2-migration/663/10,Member Proposal
FALSE,0xe04243d4de64793420e613fa13f12efff42aca05,FALSE,,TRUE,FALSE,0x6dc43be93a8b5fd37dc16f24872babc6da5e5e3e,TRUE,0,,,TRUE,0x51702659c5defe636b5b084a5ed16fd1066e6420,1592354580,0x6dc43be93a8b5fd37dc16f24872babc6da5e5e3e,TRUE,0x6dc43be93a8b5fd37dc16f24872babc6da5e5e3e,1591247743,1591260049,1591864849,1,1,0xee629a192374caf2a72cf1695c485c5c89611ef2,,Passed,v2 Membership proposal #38,"Membership proposal, assigning shares 1:1 using a funding proposal for MetaCartel v2",https://forum.metacartel.org/t/metacartel-treasury-proposal-2-beginning-moloch-v2-migration/663/10,Member Proposal
FALSE,0xdff1a9df8f152181614c5bfe930b841487228fa3,FALSE,,TRUE,FALSE,0x6dc43be93a8b5fd37dc16f24872babc6da5e5e3e,TRUE,0,,,TRUE,0x51702659c5defe636b5b084a5ed16fd1066e6420,1592354758,0x6dc43be93a8b5fd37dc16f24872babc6da5e5e3e,TRUE,0x6dc43be93a8b5fd37dc16f24872babc6da5e5e3e,1591247743,1591267249,1591872049,1,1,0xee629a192374caf2a72cf1695c485c5c89611ef2,,Passed,v2 Membership proposal #39,"Membership proposal, assigning shares 1:1 using a funding proposal for MetaCartel v2",https://forum.metacartel.org/t/metacartel-treasury-proposal-2-beginning-moloch-v2-migration/663/10,Member Proposal
FALSE,0xe50c27dd2c9bbc80a3c1f396f25252b663382905,FALSE,,TRUE,FALSE,0x6dc43be93a8b5fd37dc16f24872babc6da5e5e3e,TRUE,0,,,TRUE,0x51702659c5defe636b5b084a5ed16fd1066e6420,1592290517,0x6dc43be93a8b5fd37dc16f24872babc6da5e5e3e,TRUE,0x6dc43be93a8b5fd37dc16f24872babc6da5e5e3e,1591167744,1591252849,1591857649,1,1,0xee629a192374caf2a72cf1695c485c5c89611ef2,,Passed,v2 Membership proposal #37,"Membership proposal, assigning shares 1:1 using a funding proposal for MetaCartel v2",https://forum.metacartel.org/t/metacartel-treasury-proposal-2-beginning-moloch-v2-migration/663/10,Member Proposal
FALSE,0xf7f189082878846c11a94ddac51c41afc7a7c772,FALSE,,TRUE,FALSE,0x6dc43be93a8b5fd37dc16f24872babc6da5e5e3e,TRUE,0,,,TRUE,0x51702659c5defe636b5b084a5ed16fd1066e6420,1592262653,0x6dc43be93a8b5fd37dc16f24872babc6da5e5e3e,TRUE,0x6dc43be93a8b5fd37dc16f24872babc6da5e5e3e,1591167737,1591224049,1591828849,1,1,0xee629a192374caf2a72cf1695c485c5c89611ef2,,Passed,v2 Membership proposal #33,"
Membership proposal, assigning shares 1:1 using a funding proposal for MetaCartel v2",https://forum.metacartel.org/t/metacartel-treasury-proposal-2-beginning-moloch-v2-migration/663/10,Member Proposal
FALSE,0xf754eee52ae08568201c56f51ba985638edae1c4,FALSE,,TRUE,FALSE,0x6dc43be93a8b5fd37dc16f24872babc6da5e5e3e,TRUE,0,,,TRUE,0x51702659c5defe636b5b084a5ed16fd1066e6420,1592268125,0x6dc43be93a8b5fd37dc16f24872babc6da5e5e3e,TRUE,0x6dc43be93a8b5fd37dc16f24872babc6da5e5e3e,1591167741,1591231249,1591836049,1,1,0xee629a192374caf2a72cf1695c485c5c89611ef2,,Passed,v2 Membership proposal #34,"Membership proposal, assigning shares 1:1 using a funding proposal for MetaCartel v2",https://forum.metacartel.org/t/metacartel-treasury-proposal-2-beginning-moloch-v2-migration/663/10,Member Proposal
FALSE,0xf053adb5d6310219f84b5792db23a4fed3c25d57,FALSE,,TRUE,FALSE,0x6dc43be93a8b5fd37dc16f24872babc6da5e5e3e,TRUE,0,,,TRUE,0x51702659c5defe636b5b084a5ed16fd1066e6420,1592276257,0x6dc43be93a8b5fd37dc16f24872babc6da5e5e3e,TRUE,0x6dc43be93a8b5fd37dc16f24872babc6da5e5e3e,1591167741,1591238449,1591843249,1,1,0xee629a192374caf2a72cf1695c485c5c89611ef2,,Passed,v2 Membership proposal #35,"
Membership proposal, assigning shares 1:1 using a funding proposal for MetaCartel v2
",https://forum.metacartel.org/t/metacartel-treasury-proposal-2-beginning-moloch-v2-migration/663/10,Member Proposal
FALSE,0xe5cd62ac8d2ca2a62a04958f07dd239c1ffe1a9e,FALSE,,TRUE,FALSE,0x6dc43be93a8b5fd37dc16f24872babc6da5e5e3e,TRUE,0,,,TRUE,0x51702659c5defe636b5b084a5ed16fd1066e6420,1592284087,0x6dc43be93a8b5fd37dc16f24872babc6da5e5e3e,TRUE,0x6dc43be93a8b5fd37dc16f24872babc6da5e5e3e,1591167744,1591245649,1591850449,1,1,0xee629a192374caf2a72cf1695c485c5c89611ef2,,Passed,v2 Membership proposal #36,"Membership proposal, assigning shares 1:1 using a funding proposal for MetaCartel v2",https://forum.metacartel.org/t/metacartel-treasury-proposal-2-beginning-moloch-v2-migration/663/10,Member Proposal
FALSE,0xffadc07f1bfb127f4312e8652fe94ab0c771b54d,FALSE,,TRUE,FALSE,0x6dc43be93a8b5fd37dc16f24872babc6da5e5e3e,TRUE,0,,,TRUE,0x51702659c5defe636b5b084a5ed16fd1066e6420,1592253853,0x6dc43be93a8b5fd37dc16f24872babc6da5e5e3e,TRUE,0x6dc43be93a8b5fd37dc16f24872babc6da5e5e3e,1591167737,1591216849,1591821649,1,1,0xee629a192374caf2a72cf1695c485c5c89611ef2,,Passed,v2 Membership proposal #32,"
Membership proposal, assigning shares 1:1 using a funding proposal for MetaCartel v2",https://forum.metacartel.org/t/metacartel-treasury-proposal-2-beginning-moloch-v2-migration/663/10,Member Proposal
FALSE,0xffc380fd196440e53ab0ad9f4504aa3e7f3c9b97,FALSE,,TRUE,FALSE,0x6dc43be93a8b5fd37dc16f24872babc6da5e5e3e,TRUE,0,,,TRUE,0x51702659c5defe636b5b084a5ed16fd1066e6420,1592246769,0x6dc43be93a8b5fd37dc16f24872babc6da5e5e3e,TRUE,0x6dc43be93a8b5fd37dc16f24872babc6da5e5e3e,1591167737,1591209649,1591814449,1,1,0xee629a192374caf2a72cf1695c485c5c89611ef2,,Passed,v2 Membership proposal #31,"Membership proposal, assigning shares 1:1 using a funding proposal for MetaCartel v2",https://forum.metacartel.org/t/metacartel-treasury-proposal-2-beginning-moloch-v2-migration/663/10,Member Proposal
FALSE,0xce7298e5ef1ae8af0573edc2ebd03ab0f837e214,FALSE,,TRUE,FALSE,0x6dc43be93a8b5fd37dc16f24872babc6da5e5e3e,TRUE,0,,,TRUE,0x51702659c5defe636b5b084a5ed16fd1066e6420,1592239671,0x6dc43be93a8b5fd37dc16f24872babc6da5e5e3e,TRUE,0x6dc43be93a8b5fd37dc16f24872babc6da5e5e3e,1591167356,1591202449,1591807249,1,1,0xee629a192374caf2a72cf1695c485c5c89611ef2,,Passed,v2 Membership proposal #30,"Membership proposal, assigning shares 1:1 using a funding proposal for MetaCartel v2",https://forum.metacartel.org/t/metacartel-treasury-proposal-2-beginning-moloch-v2-migration/663/10,Member Proposal
FALSE,0x7e225a2a269f7af1c884b20f2ba30e8c6573edff,FALSE,,TRUE,FALSE,0x6dc43be93a8b5fd37dc16f24872babc6da5e5e3e,TRUE,0,,,TRUE,0x51702659c5defe636b5b084a5ed16fd1066e6420,1592216840,0x6dc43be93a8b5fd37dc16f24872babc6da5e5e3e,TRUE,0x6dc43be93a8b5fd37dc16f24872babc6da5e5e3e,1591167356,1591173649,1591778449,1,1,0xee629a192374caf2a72cf1695c485c5c89611ef2,,Passed, v2 Membership proposal #28,"Membership proposal, assigning shares 1:1 using a funding proposal for MetaCartel v2",https://forum.metacartel.org/t/metacartel-treasury-proposal-2-beginning-moloch-v2-migration/663/10,Member Proposal
FALSE,0x2d407ddb06311396fe14d4b49da5f0471447d45c,FALSE,,TRUE,FALSE,0x6dc43be93a8b5fd37dc16f24872babc6da5e5e3e,TRUE,0,,,TRUE,0x51702659c5defe636b5b084a5ed16fd1066e6420,1592235223,0x6dc43be93a8b5fd37dc16f24872babc6da5e5e3e,TRUE,0x6dc43be93a8b5fd37dc16f24872babc6da5e5e3e,1591167356,1591195249,1591800049,1,1,0xee629a192374caf2a72cf1695c485c5c89611ef2,,Passed,v2 Membership proposal #29,"Membership proposal, assigning shares 1:1 using a funding proposal for MetaCartel v2",https://forum.metacartel.org/t/metacartel-treasury-proposal-2-beginning-moloch-v2-migration/663/10,Member Proposal
FALSE,0x9492510bbcb93b6992d8b7bb67888558e12dcac4,FALSE,,TRUE,FALSE,0x6dc43be93a8b5fd37dc16f24872babc6da5e5e3e,TRUE,0,,,TRUE,0x51702659c5defe636b5b084a5ed16fd1066e6420,1592217954,0x6dc43be93a8b5fd37dc16f24872babc6da5e5e3e,TRUE,0x6dc43be93a8b5fd37dc16f24872babc6da5e5e3e,1591167356,1591180849,1591785649,1,1,0xee629a192374caf2a72cf1695c485c5c89611ef2,,Passed,v2 Membership proposal #27,"Membership proposal, assigning shares 1:1 using a funding proposal for MetaCartel v2",https://forum.metacartel.org/t/metacartel-treasury-proposal-2-beginning-moloch-v2-migration/663/10,Member Proposal
FALSE,0x01f10495f16c0e85c26121a891dd92ff3bd02da8,FALSE,,TRUE,FALSE,0x6dc43be93a8b5fd37dc16f24872babc6da5e5e3e,TRUE,0,,,TRUE,0x51702659c5defe636b5b084a5ed16fd1066e6420,1592224947,0x6dc43be93a8b5fd37dc16f24872babc6da5e5e3e,TRUE,0x6dc43be93a8b5fd37dc16f24872babc6da5e5e3e,1591167356,1591188049,1591792849,1,1,0xee629a192374caf2a72cf1695c485c5c89611ef2,,Passed,v2 Membership proposal #26,"Membership proposal, assigning shares 1:1 using a funding proposal for MetaCartel v2",https://forum.metacartel.org/t/metacartel-treasury-proposal-2-beginning-moloch-v2-migration/663/10,Member Proposal
FALSE,0x82a8439ba037f88bc73c4ccf55292e158a67f125,FALSE,,TRUE,FALSE,0x6dc43be93a8b5fd37dc16f24872babc6da5e5e3e,TRUE,0,,,TRUE,0x51702659c5defe636b5b084a5ed16fd1066e6420,1592189486,0x6dc43be93a8b5fd37dc16f24872babc6da5e5e3e,TRUE,0x6dc43be93a8b5fd37dc16f24872babc6da5e5e3e,1591072547,1591152049,1591756849,1,1,0xee629a192374caf2a72cf1695c485c5c89611ef2,,Passed,v2 Membership proposal #25,"Membership proposal, assigning shares 1:1 using a funding proposal for MetaCartel v2",https://forum.metacartel.org/t/metacartel-treasury-proposal-2-beginning-moloch-v2-migration/663/10,Member Proposal
FALSE,0xc7f459c7edcf9333d223bd1c346f46819403ca06,FALSE,,TRUE,FALSE,0x6dc43be93a8b5fd37dc16f24872babc6da5e5e3e,TRUE,0,,,TRUE,0x51702659c5defe636b5b084a5ed16fd1066e6420,1592182383,0x6dc43be93a8b5fd37dc16f24872babc6da5e5e3e,TRUE,0x6dc43be93a8b5fd37dc16f24872babc6da5e5e3e,1591072547,1591144849,1591749649,1,1,0xee629a192374caf2a72cf1695c485c5c89611ef2,,Passed,v2 Membership proposal #24,"Membership proposal, assigning shares 1:1 using a funding proposal for MetaCartel v2",https://forum.metacartel.org/t/metacartel-treasury-proposal-2-beginning-moloch-v2-migration/663/10,Member Proposal
FALSE,0x1c0aa8ccd568d90d61659f060d1bfb1e6f855a20,FALSE,,TRUE,FALSE,0x6dc43be93a8b5fd37dc16f24872babc6da5e5e3e,TRUE,0,,,TRUE,0x51702659c5defe636b5b084a5ed16fd1066e6420,1592174629,0x6dc43be93a8b5fd37dc16f24872babc6da5e5e3e,TRUE,0x6dc43be93a8b5fd37dc16f24872babc6da5e5e3e,1591072547,1591137649,1591742449,1,1,0xee629a192374caf2a72cf1695c485c5c89611ef2,,Passed,v2 Membership proposal #23,"Membership proposal, assigning shares 1:1 using a funding proposal for MetaCartel v2",https://forum.metacartel.org/t/metacartel-treasury-proposal-2-beginning-moloch-v2-migration/663/10,Member Proposal
FALSE,0xba14ce92a3a46a56f52105941eb9af2d20ece605,FALSE,,TRUE,FALSE,0x6dc43be93a8b5fd37dc16f24872babc6da5e5e3e,TRUE,0,,,TRUE,0x51702659c5defe636b5b084a5ed16fd1066e6420,1592167431,0x6dc43be93a8b5fd37dc16f24872babc6da5e5e3e,TRUE,0x6dc43be93a8b5fd37dc16f24872babc6da5e5e3e,1591072547,1591130449,1591735249,1,1,0xee629a192374caf2a72cf1695c485c5c89611ef2,,Passed,v2 Membership proposal #22,"Membership proposal, assigning shares 1:1 using a funding proposal for MetaCartel v2",https://forum.metacartel.org/t/metacartel-treasury-proposal-2-beginning-moloch-v2-migration/663/10,Member Proposal
FALSE,0x1dac51886d5b461fccc784ad3813a5969dd42e6f,FALSE,,TRUE,FALSE,0x6dc43be93a8b5fd37dc16f24872babc6da5e5e3e,TRUE,0,,,TRUE,0x51702659c5defe636b5b084a5ed16fd1066e6420,1592160120,0x6dc43be93a8b5fd37dc16f24872babc6da5e5e3e,TRUE,0x6dc43be93a8b5fd37dc16f24872babc6da5e5e3e,1591072075,1591123249,1591728049,1,1,0xee629a192374caf2a72cf1695c485c5c89611ef2,,Passed,v2 Membership proposal #21,"Membership proposal, assigning shares 1:1 using a funding proposal for MetaCartel v2",https://forum.metacartel.org/t/metacartel-treasury-proposal-2-beginning-moloch-v2-migration/663/10,Member Proposal
FALSE,0x5f350bf5fee8e254d6077f8661e9c7b83a30364e,FALSE,,TRUE,FALSE,0x6dc43be93a8b5fd37dc16f24872babc6da5e5e3e,TRUE,0,,,TRUE,0x51702659c5defe636b5b084a5ed16fd1066e6420,1592152936,0x6dc43be93a8b5fd37dc16f24872babc6da5e5e3e,TRUE,0x6dc43be93a8b5fd37dc16f24872babc6da5e5e3e,1591072075,1591116049,1591720849,1,1,0xee629a192374caf2a72cf1695c485c5c89611ef2,,Passed,v2 Membership proposal #20,"Membership proposal, assigning shares 1:1 using a funding proposal for MetaCartel v2",https://forum.metacartel.org/t/metacartel-treasury-proposal-2-beginning-moloch-v2-migration/663/10,Member Proposal
FALSE,0xafd5f60aa8eb4f488eaa0ef98c1c5b0645d9a0a0,FALSE,,TRUE,FALSE,0x6dc43be93a8b5fd37dc16f24872babc6da5e5e3e,TRUE,0,,,TRUE,0x51702659c5defe636b5b084a5ed16fd1066e6420,1592146029,0x6dc43be93a8b5fd37dc16f24872babc6da5e5e3e,TRUE,0x6dc43be93a8b5fd37dc16f24872babc6da5e5e3e,1591071986,1591108849,1591713649,1,1,0xee629a192374caf2a72cf1695c485c5c89611ef2,,Passed,v2 Membership proposal #19,"
Membership proposal, assigning shares 1:1 using a funding proposal for MetaCartel v2",https://forum.metacartel.org/t/metacartel-treasury-proposal-2-beginning-moloch-v2-migration/663/10,Member Proposal
FALSE,0x8f942eced007bd3976927b7958b50df126feecb5,FALSE,,TRUE,FALSE,0x6dc43be93a8b5fd37dc16f24872babc6da5e5e3e,TRUE,0,,,TRUE,0x51702659c5defe636b5b084a5ed16fd1066e6420,1592131412,0x6dc43be93a8b5fd37dc16f24872babc6da5e5e3e,TRUE,0x6dc43be93a8b5fd37dc16f24872babc6da5e5e3e,1591071742,1591094449,1591699249,1,1,0xee629a192374caf2a72cf1695c485c5c89611ef2,,Passed,v2 Membership proposal #18,"Membership proposal, assigning shares 1:1 using a funding proposal for MetaCartel v2",https://forum.metacartel.org/t/metacartel-treasury-proposal-2-beginning-moloch-v2-migration/663/10,Member Proposal
FALSE,0x93f3f612a525a59523e91cc5552f718df9fc0746,FALSE,,TRUE,FALSE,0x6dc43be93a8b5fd37dc16f24872babc6da5e5e3e,TRUE,0,,,TRUE,0x51702659c5defe636b5b084a5ed16fd1066e6420,1592126542,0x6dc43be93a8b5fd37dc16f24872babc6da5e5e3e,TRUE,0x6dc43be93a8b5fd37dc16f24872babc6da5e5e3e,1591071742,1591087249,1591692049,1,1,0xee629a192374caf2a72cf1695c485c5c89611ef2,,Passed,v2 Membership proposal #17,"Membership proposal, assigning shares 1:1 using a funding proposal for MetaCartel v2",https://forum.metacartel.org/t/metacartel-treasury-proposal-2-beginning-moloch-v2-migration/663/10,Member Proposal
FALSE,0x0115f5ce3f986a35b1edb6f2c3815cebb2461e70,FALSE,,TRUE,FALSE,0x6dc43be93a8b5fd37dc16f24872babc6da5e5e3e,TRUE,0,,,TRUE,0x51702659c5defe636b5b084a5ed16fd1066e6420,1592139447,0x6dc43be93a8b5fd37dc16f24872babc6da5e5e3e,TRUE,0x6dc43be93a8b5fd37dc16f24872babc6da5e5e3e,1591071986,1591101649,1591706449,1,1,0xee629a192374caf2a72cf1695c485c5c89611ef2,,Passed,v2 Membership proposal #15,"
Membership proposal, assigning shares 1:1 using a funding proposal for MetaCartel v2",https://forum.metacartel.org/t/metacartel-treasury-proposal-2-beginning-moloch-v2-migration/663/10,Member Proposal
FALSE,0xa15ca74e65bf72730811abf95163e89ad9b9dff6,FALSE,,TRUE,FALSE,0x6dc43be93a8b5fd37dc16f24872babc6da5e5e3e,TRUE,0,,,TRUE,0x51702659c5defe636b5b084a5ed16fd1066e6420,1592116859,0x6dc43be93a8b5fd37dc16f24872babc6da5e5e3e,TRUE,0x6dc43be93a8b5fd37dc16f24872babc6da5e5e3e,1591071742,1591080049,1591684849,1,1,0xee629a192374caf2a72cf1695c485c5c89611ef2,,Passed,v2 Membership proposal #16,"Membership proposal, assigning shares 1:1 using a funding proposal for MetaCartel v2",https://forum.metacartel.org/t/metacartel-treasury-proposal-2-beginning-moloch-v2-migration/663/10,Member Proposal
FALSE,0xe04885c3f1419c6e8495c33bdcf5f8387cd88846,FALSE,,TRUE,FALSE,0x6dc43be93a8b5fd37dc16f24872babc6da5e5e3e,TRUE,0,,,TRUE,0x51702659c5defe636b5b084a5ed16fd1066e6420,1592109753,0x6dc43be93a8b5fd37dc16f24872babc6da5e5e3e,TRUE,0x6dc43be93a8b5fd37dc16f24872babc6da5e5e3e,1591071380,1591072849,1591677649,1,1,0xee629a192374caf2a72cf1695c485c5c89611ef2,,Passed,v2 Membership proposal #14 Sky,"Membership proposal, assigning shares 1:1 using a funding proposal for MetaCartel v2",https://forum.metacartel.org/t/metacartel-treasury-proposal-2-beginning-moloch-v2-migration/663/10,Member Proposal
FALSE,0x0000000000000000000000000000000000000000,FALSE,,TRUE,FALSE,0x6dc43be93a8b5fd37dc16f24872babc6da5e5e3e,FALSE,0,,,TRUE,0x51702659c5defe636b5b084a5ed16fd1066e6420,1592107036,0x6dc43be93a8b5fd37dc16f24872babc6da5e5e3e,TRUE,0x6dc43be93a8b5fd37dc16f24872babc6da5e5e3e,1590972398,1591044049,1591648849,1,1,0xee629a192374caf2a72cf1695c485c5c89611ef2,,Passed,DAI,Adding DAI to the token whitelist,https://forum.metacartel.org/t/metacartel-treasury-proposal-2-beginning-moloch-v2-migration/663/10,Whitelist Token Proposal
FALSE,0x15303ff0d49b2bcf48d076896093e745a8ae6658,FALSE,,TRUE,FALSE,0x6dc43be93a8b5fd37dc16f24872babc6da5e5e3e,TRUE,0,,,TRUE,0x51702659c5defe636b5b084a5ed16fd1066e6420,1592104049,0x6dc43be93a8b5fd37dc16f24872babc6da5e5e3e,TRUE,0x6dc43be93a8b5fd37dc16f24872babc6da5e5e3e,1590970304,1591036849,1591641649,1,1,0xee629a192374caf2a72cf1695c485c5c89611ef2,,Passed,v2 Membership proposal #13,"Membership proposal, assigning shares 1:1 using a funding proposal for MetaCartel v2",https://forum.metacartel.org/t/metacartel-treasury-proposal-2-beginning-moloch-v2-migration/663/10,Member Proposal
FALSE,0x4e6fbdb11e8746a3fd7a8a919ea04c476b6781a0,FALSE,,TRUE,FALSE,0x6dc43be93a8b5fd37dc16f24872babc6da5e5e3e,TRUE,0,,,TRUE,0x51702659c5defe636b5b084a5ed16fd1066e6420,1592103094,0x6dc43be93a8b5fd37dc16f24872babc6da5e5e3e,TRUE,0x6dc43be93a8b5fd37dc16f24872babc6da5e5e3e,1590970287,1591029649,1591634449,1,1,0xee629a192374caf2a72cf1695c485c5c89611ef2,,Passed,v2 Membership proposal #12,"Membership proposal, assigning shares 1:1 using a funding proposal for MetaCartel v2",https://forum.metacartel.org/t/metacartel-treasury-proposal-2-beginning-moloch-v2-migration/663/10,Member Proposal
FALSE,0x5b93ff82faaf241c15997ea3975419dddd8362c5,FALSE,,TRUE,FALSE,0x6dc43be93a8b5fd37dc16f24872babc6da5e5e3e,TRUE,0,,,TRUE,0x51702659c5defe636b5b084a5ed16fd1066e6420,1592102793,0x6dc43be93a8b5fd37dc16f24872babc6da5e5e3e,TRUE,0x6dc43be93a8b5fd37dc16f24872babc6da5e5e3e,1590970283,1591022449,1591627249,1,1,0xee629a192374caf2a72cf1695c485c5c89611ef2,,Passed,v2 Membership proposal #11,"Membership proposal, assigning shares 1:1 using a funding proposal for MetaCartel v2",https://forum.metacartel.org/t/metacartel-treasury-proposal-2-beginning-moloch-v2-migration/663/10,Member Proposal
FALSE,0x632889068e25630f5c928681e8529ee255d8cd52,FALSE,,TRUE,FALSE,0x6dc43be93a8b5fd37dc16f24872babc6da5e5e3e,TRUE,0,,,TRUE,0x51702659c5defe636b5b084a5ed16fd1066e6420,1592102663,0x6dc43be93a8b5fd37dc16f24872babc6da5e5e3e,TRUE,0x6dc43be93a8b5fd37dc16f24872babc6da5e5e3e,1590970005,1591015249,1591620049,1,1,0xee629a192374caf2a72cf1695c485c5c89611ef2,,Passed, v2 Membership proposal #10,"Membership proposal, assigning shares 1:1 using a funding proposal for MetaCartel v2",https://forum.metacartel.org/t/metacartel-treasury-proposal-2-beginning-moloch-v2-migration/663/10,Member Proposal
FALSE,0x66268791b55e1f5fa585d990326519f101407257,FALSE,,TRUE,FALSE,0x6dc43be93a8b5fd37dc16f24872babc6da5e5e3e,TRUE,0,,,TRUE,0x51702659c5defe636b5b084a5ed16fd1066e6420,1592102476,0x6dc43be93a8b5fd37dc16f24872babc6da5e5e3e,TRUE,0x6dc43be93a8b5fd37dc16f24872babc6da5e5e3e,1590969989,1591008049,1591612849,1,1,0xee629a192374caf2a72cf1695c485c5c89611ef2,,Passed,v2 Membership proposal #9,"Membership proposal, assigning shares 1:1 using a funding proposal for MetaCartel v2",https://forum.metacartel.org/t/metacartel-treasury-proposal-2-beginning-moloch-v2-migration/663/10,Member Proposal
FALSE,0x818ff73a5d881c27a945be944973156c01141232,FALSE,,TRUE,FALSE,0x6dc43be93a8b5fd37dc16f24872babc6da5e5e3e,TRUE,0,,,TRUE,0x51702659c5defe636b5b084a5ed16fd1066e6420,1592037791,0x6dc43be93a8b5fd37dc16f24872babc6da5e5e3e,TRUE,0x6dc43be93a8b5fd37dc16f24872babc6da5e5e3e,1590969989,1591000849,1591605649,1,1,0xee629a192374caf2a72cf1695c485c5c89611ef2,,Passed,v2 Membership proposal #8,"Membership proposal, assigning shares 1:1 using a funding proposal for MetaCartel v2",https://forum.metacartel.org/t/metacartel-treasury-proposal-2-beginning-moloch-v2-migration/663/10,Member Proposal
FALSE,0x9ac9c636404c8d46d9eb966d7179983ba5a3941a,FALSE,,TRUE,FALSE,0x6dc43be93a8b5fd37dc16f24872babc6da5e5e3e,TRUE,0,,,TRUE,0x51702659c5defe636b5b084a5ed16fd1066e6420,1592030506,0x6dc43be93a8b5fd37dc16f24872babc6da5e5e3e,TRUE,0x6dc43be93a8b5fd37dc16f24872babc6da5e5e3e,1590969756,1590993649,1591598449,1,1,0xee629a192374caf2a72cf1695c485c5c89611ef2,,Passed, v2 Membership proposal #6,"Membership proposal, assigning shares 1:1 using a funding proposal for MetaCartel v2",https://forum.metacartel.org/t/metacartel-treasury-proposal-2-beginning-moloch-v2-migration/663/10,Member Proposal
FALSE,0x8b3765eda5207fb21690874b722ae276b96260e0,FALSE,,TRUE,FALSE,0x6dc43be93a8b5fd37dc16f24872babc6da5e5e3e,TRUE,0,,,TRUE,0x51702659c5defe636b5b084a5ed16fd1066e6420,1592023325,0x6dc43be93a8b5fd37dc16f24872babc6da5e5e3e,TRUE,0x6dc43be93a8b5fd37dc16f24872babc6da5e5e3e,1590969756,1590986449,1591591249,1,1,0xee629a192374caf2a72cf1695c485c5c89611ef2,,Passed,v2 Membership proposal #7,"Membership proposal, assigning shares 1:1 using a funding proposal for MetaCartel v2",https://forum.metacartel.org/t/metacartel-treasury-proposal-2-beginning-moloch-v2-migration/663/10,Member Proposal
FALSE,0xd3e9d60e4e4de615124d5239219f32946d10151d,FALSE,,TRUE,FALSE,0x6dc43be93a8b5fd37dc16f24872babc6da5e5e3e,TRUE,0,,,TRUE,0x51702659c5defe636b5b084a5ed16fd1066e6420,1592016198,0x6dc43be93a8b5fd37dc16f24872babc6da5e5e3e,TRUE,0x6dc43be93a8b5fd37dc16f24872babc6da5e5e3e,1590968925,1590979249,1591584049,1,1,0xee629a192374caf2a72cf1695c485c5c89611ef2,,Passed, v2 Membership proposal #5,"Membership proposal, assigning shares 1:1 using a funding proposal for MetaCartel v2",https://forum.metacartel.org/t/metacartel-treasury-proposal-2-beginning-moloch-v2-migration/663/10,Member Proposal
FALSE,0xfab3b4be0a78c586cdb999258ddd7dc799d433d2,FALSE,,TRUE,FALSE,0x6dc43be93a8b5fd37dc16f24872babc6da5e5e3e,TRUE,0,,,TRUE,0x51702659c5defe636b5b084a5ed16fd1066e6420,1592008897,0x6dc43be93a8b5fd37dc16f24872babc6da5e5e3e,TRUE,0x6dc43be93a8b5fd37dc16f24872babc6da5e5e3e,1590968379,1590972049,1591576849,1,1,0xee629a192374caf2a72cf1695c485c5c89611ef2,,Passed,v2 Membership proposal #4,"Membership proposal, assigning shares 1:1 using a funding proposal for MetaCartel v2",https://forum.metacartel.org/t/metacartel-treasury-proposal-2-beginning-moloch-v2-migration/663/10,Member Proposal
FALSE,0xffd1ac3e8818adcbe5c597ea076e8d3210b45df5,FALSE,,TRUE,FALSE,0x6dc43be93a8b5fd37dc16f24872babc6da5e5e3e,TRUE,0,,,TRUE,0x51702659c5defe636b5b084a5ed16fd1066e6420,1592001757,0x6dc43be93a8b5fd37dc16f24872babc6da5e5e3e,TRUE,0x6dc43be93a8b5fd37dc16f24872babc6da5e5e3e,1590963622,1590964849,1591569649,1,1,0xee629a192374caf2a72cf1695c485c5c89611ef2,,Passed,v2 Membership proposal #3,"Membership proposal, assigning shares 1:1 using a funding proposal for MetaCartel v2",https://forum.metacartel.org/t/metacartel-treasury-proposal-2-beginning-moloch-v2-migration/663/11,Member Proposal
FALSE,0xea9e8bd43c6bf63981d95e4aeb1deb8405fb3efe,FALSE,,TRUE,FALSE,0x6dc43be93a8b5fd37dc16f24872babc6da5e5e3e,TRUE,0,,,TRUE,0x51702659c5defe636b5b084a5ed16fd1066e6420,1591764129,0x6dc43be93a8b5fd37dc16f24872babc6da5e5e3e,TRUE,0x6dc43be93a8b5fd37dc16f24872babc6da5e5e3e,1590720782,1590727249,1591332049,1,1,0xee629a192374caf2a72cf1695c485c5c89611ef2,,Passed,v2 Membership proposal #2 Punia ,"Membership proposal, assigning shares 1:1 using a funding proposal for MetaCartel v2",https://forum.metacartel.org/t/metacartel-treasury-proposal-2-beginning-moloch-v2-migration/663/11,Member Proposal
FALSE,0xd26a3f686d43f2a62ba9eae2ff77e9f516d945b9,FALSE,,TRUE,FALSE,0x6dc43be93a8b5fd37dc16f24872babc6da5e5e3e,TRUE,0,,,TRUE,0x51702659c5defe636b5b084a5ed16fd1066e6420,1591758591,0x6dc43be93a8b5fd37dc16f24872babc6da5e5e3e,TRUE,0x6dc43be93a8b5fd37dc16f24872babc6da5e5e3e,1590714674,1590720049,1591324849,1,1,0xee629a192374caf2a72cf1695c485c5c89611ef2,,Passed,v2 Membership proposal #1 Ven,"Membership proposal, assigning shares 1:1 using a funding proposal for MetaCartel v2",https://forum.metacartel.org/t/metacartel-treasury-proposal-2-beginning-moloch-v2-migration/663/11,Member Proposal